"FIPS","State Name","Population White Male 65+ (2012)","Population White Male 65+ (2011)","Population White Male 65+ (2009)","Population White Male 65+ (2008)","Population White Male 65+ (2007)","Population White Male 65+ (2006)","Population White Male 65+ (2005)","Population White Male 65+ (2004)","Population White Male 65+ (2003)","Population White Male 65+ (2002)","Population White Male 65+ (2001)","Population White Male 65+ (2000)","Population White Female 65+ (2012)","Population White Female 65+ (2011)","Population White Female 65+ (2009)","Population White Female 65+ (2008)","Population White Female 65+ (2007)","Population White Female 65+ (2006)","Population White Female 65+ (2005)","Population White Female 65+ (2004)","Population White Female 65+ (2003)","Population White Female 65+ (2002)","Population White Female 65+ (2001)","Population White Female 65+ (2000)","Population Black/Afr Am Male 65+ (2012)","Population Black/Afr Am Male 65+ (2011)","Population Black/Afr Am Male 65+ (2009)","Population Black/Afr Am Male 65+ (2008)","Population Black/Afr Am Male 65+ (2007)","Population Black/Afr Am Male 65+ (2006)","Population Black/Afr Am Male 65+ (2005)","Population Black/Afr Am Male 65+ (2004)","Population Black/Afr Am Male 65+ (2003)","Population Black/Afr Am Male 65+ (2002)","Population Black/Afr Am Male 65+ (2001)","Population Black/Afr Am Male 65+ (2000)","Population Black/Afr Am Female 65+ (2012)","Population Black/Afr Am Female 65+ (2011)","Population Black/Afr Am Female 65+ (2009)","Population Black/Afr Am Female 65+ (2008)","Population Black/Afr Am Female 65+ (2007)","Population Black/Afr Am Female 65+ (2006)","Population Black/Afr Am Female 65+ (2005)","Population Black/Afr Am Female 65+ (2004)","Population Black/Afr Am Female 65+ (2003)","Population Black/Afr Am Female 65+ (2002)","Population Black/Afr Am Female 65+ (2001)","Population Black/Afr Am Female 65+ (2000)","Population Estimate (2012)","Population Estimate (2011)","Census Population (2010)","Population Estimate (2009)","Population Estimate (2008)","Population Estimate (2007)","Population Estimate (2006)","Population Estimate (2005)","Population Estimate (2004)","Population Estimate (2003)","Population Estimate (2002)","Population Estimate (2001)","Census Population (2000)","Total Hospital Beds (2012)","Total Hospital Beds (2011)","Total Hospital Beds (2010)","Total Hospital Beds (2009)","Total Hospital Beds (2008)","Total Hospital Beds (2007)","Total Hospital Beds (2006)","Total Hospital Beds (2005)","Total Hospital Beds (2004)","Total Hospital Beds (2003)","Total Hospital Beds (2002)","Total Hospital Beds (2001)","Total Hospital Beds (2000)","Pop White Male 65-74 (2010)","Pop White Male 75-84 (2010)","Pop White Male 85+ (2010)","Pop White Female 65-74 (2010)","Pop White Female 75-84 (2010)","Pop White Female 85+ (2010)","Pop Black/AA Male 65-74 (2010)","Pop Black/AA Male 75-84 (2010)","Pop Black/AA Male 85+ (2010)","Pop Black/AA Female 65-74 (2010)","Pop Black/AA Female 75-84 (2010)","Pop Black/AA Female 85+ (2010)"
"01000","Alabama","245876","235067","222766","217809","211428","206831","203332","200258","196530","193965","191880","189686","317409","306879","302310","298303","291875","288310","281423","279913","278676","277466","276636","275567","48641","46454","43043","42763","41911","41342","41178","40765","40424","40770","40660","40442","75711","73450","72463","73026","71432","70727","70381","69822","69912","70311","70236","70123","4822023","4802740","4779736","4708708","4661900","4627851","4599030","4557808","4530182","4500752","4486508","4464356","4447100","17732","18531","18197","18546","18222","18724","18087","17658","17120","17946","18549","19371","19001","138049","71786","18897","158392","100807","42043","28501","12649","3689","38170","23324","10265"
"04000","Arizona","415602","393874","363698","362688","345041","329914","318148","307738","301474","296212","290175","283989","486758","463572","443234","441827","421752","410103","393437","381612","372233","367560","361144","354803","9264","8569","7986","7674","7121","6672","6093","5693","5169","4684","4484","4236","11234","10512","10039","9617","8846","8432","7681","7178","6384","6038","5776","5475","6553255","6482505","6392017","6595778","6500180","6338755","6166318","5939292","5743834","5580811","5456453","5307331","5130632","16010","15594","15807","15715","15374","14482","13888","13587","13045","12696","12856","12579","12441","211220","117441","35163","231412","138352","60976","5196","2097","455","5753","2802","1019"
"05000","Arkansas","174971","169049","159421","155928","151713","148046","145996","143921","141859","141117","140201","139150","219269","213508","208615","205470","201121","199102","196298","195064","194175","193943","193834","193571","15978","15435","14363","14513","14095","13601","13515","13503","13323","13450","13590","13757","23944","23330","23116","23740","23156","23201","22879","22848","22849","22894","23248","23587","2949131","2937979","2915918","2889450","2855390","2834797","2810872","2779154","2752629","2725714","2710079","2692090","2673400","11168","11146","11235","11271","11391","11194","11017","11153","11148","11446","11407","10985","11034","98233","51187","14838","109496","68917","30903","9226","4107","1434","11864","7372","3519"
"06000","California","1588819","1515774","1425180","1412332","1371186","1350565","1322533","1314261","1306589","1296861","1280767","1263107","2002984","1930462","1876872","1869869","1827653","1802384","1792129","1786746","1767411","1754555","1744781","1732824","103945","99671","90357","89009","87191","85379","83654","82018","81401","79404","77145","74782","144026","138456","131264","128820","126417","123168","121427","119466","117298","114535","112308","110000","38041430","37691912","37253956","36961664","36756666","36553215","36457549","36132147","35893799","35484453","35116033","34501130","33871648","85738","85122","86519","84802","86232","85732","86174","87489","88498","89548","91524","90753","89116","754586","436962","166132","853058","577247","310646","58841","26929","7909","72640","40121","17703"
"08000","Colorado","258185","241031","220339","210172","201618","195564","190006","183883","179207","175934","172450","168880","315144","297643","280087","269896","261394","253590","248518","241692","237493","235111","231883","228529","7451","6957","6343","6004","5706","5546","5330","5176","5100","4760","4546","4298","9305","8849","8369","7814","7610","7420","7104","6819","6694","6299","5978","5693","5187582","5116796","5029196","5024748","4939456","4861515","4753377","4665177","4601403","4550688","4506542","4417714","4301261","11919","11760","11803","11941","11920","11488","11310","11425","10948","11149","11214","11222","11054","133763","67409","21625","146419","88437","43705","4184","1943","344","4818","2558","903"
"09000","Connecticut","207397","199752","186131","182003","178880","178732","177632","177680","178287","179598","179257","178921","277234","270377","261365","257108","255678","254752","260871","261979","259370","261002","262007","263009","13413","12733","11335","10908","10683","10608","10104","9725","9613","9314","9008","8664","20794","19928","17940","17308","16915","16485","16407","15864","15434","14874","14379","13827","3590347","3580709","3574097","3518288","3501252","3502309","3504809","3510297","3503604","3483372","3460503","3425074","3405565","9650","9328","9834","9636","9677","9625","9672","9517","9512","9466","9478","9675","9422","104293","62933","25550","119805","89852","54743","7676","3294","871","10836","5604","2248"
"10000","Delaware","52555","49671","47119","45191","43621","42087","41604","40488","39692","39100","38501","37932","65261","62552","60618","58578","56844","56020","54985","53626","53116","52694","52039","51434","7686","7237","6404","6146","5906","5702","5418","5124","4883","4676","4610","4505","10910","10286","9419","8894","8575","8215","7917","7623","7162","7120","7016","6850","917092","907135","897934","885122","873092","864764","853476","843524","830364","817491","807385","796165","783600","2550","2656","2668","2668","2658","2858","2692","2487","2494","2662","2625","2612","2589","27813","15529","4484","31762","19713","9292","4458","1852","520","5682","2909","1138"
"12000","Florida","1415238","1350839","1276731","1276268","1243151","1206769","1197826","1173183","1166441","1148994","1142999","1135312","1723638","1660379","1607357","1607602","1566345","1556129","1531645","1505724","1494074","1479108","1474572","1468347","119090","112823","99346","97758","93280","88631","86882","82226","80159","76414","73553","70457","169522","160955","144179","142156","136369","131514","125915","120235","115511","112178","109633","106978","19317568","19057542","18801310","18537969","18328340","18251243","18089888","17789864","17397161","17019068","16713149","16396515","15982378","59271","57857","58802","58488","58950","58215","57841","57332","56112","56862","57303","58387","58061","709475","444229","147908","800515","548048","253269","66878","29848","7584","84929","46430","17470"
"13000","Georgia","381536","359086","332925","320989","306369","296718","284986","277129","268901","262116","257416","252445","484347","461258","447662","436154","421944","409773","392084","384164","382074","378834","374231","369434","92602","86809","77288","73966","70610","68326","64881","62008","57944","57298","56484","55544","146362","138929","129968","124822","120655","116322","109686","106242","101822","101134","100515","99580","9919945","9815210","9687653","9829211","9685744","9544750","9363941","9072576","8829383","8684715","8560310","8383915","8186453","29064","30245","30680","30983","31188","31233","30927","30947","30668","30510","30313","30502","30028","212779","101310","27210","238787","141810","62763","55271","20670","5355","76294","39219","16351"
"16000","Idaho","96534","91466","83580","80922","77553","74641","71947","69176","67586","65542","64470","63269","110260","105616","98801","96412","92908","90475","88434","86090","84832","82598","81606","80547","209","181","211","205","179","161","143","128","107","114","105","92","170","168","223","205","164","153","137","118","111","84","82","78","1595728","1584985","1567582","1545801","1523816","1499402","1466465","1429096","1393262","1366332","1341131","1321006","1293953","3938","3883","3927","4030","4132","3893","3932","3910","3950","3928","3875","3926","3952","51582","26201","8736","53456","31755","15879","109","35","12","81","38","16"
"17000","Illinois","613906","591426","568016","559608","547550","542726","537973","534914","529893","526805","526969","526976","813920","793846","789157","784771","775577","770386","774418","773569","770942","770438","775848","780964","75117","72734","67814","66693","65887","65626","64511","63941","62848","62117","61569","60903","117734","114496","109946","107640","106167","104733","104964","103250","100432","99609","98556","97428","12875255","12869257","12830632","12910409","12901563","12852548","12831970","12763371","12713634","12653544","12600620","12482301","12419293","37018","37154","37995","38511","39638","39574","39543","39555","39831","41201","43056","44132","43916","317416","183658","64742","366823","260404","143417","43773","20848","5550","61688","35332","14080"
"18000","Indiana","356551","342109","322442","315423","306770","302123","298156","294919","290591","287775","286437","285017","467529","453685","446172","440219","432170","426735","425717","423801","420029","418511","419293","419764","20796","20167","19051","18727","18414","18228","17952","17751","17486","17389","17212","16973","31189","30244","29399","28888","28194","27901","27536","27398","27118","26640","26363","25972","6537334","6516922","6483802","6423113","6376792","6345289","6313520","6271973","6237569","6195643","6159068","6114745","6080485","20527","20484","20940","20661","21088","20816","20960","20711","21224","21426","21413","21644","21896","193708","104620","33629","221047","149497","75057","12103","5730","1578","16147","9406","3872"
"19000","Iowa","199131","192352","182467","182101","178754","177234","176505","175263","174731","173549","173958","174356","260953","255823","252589","253589","251259","250549","251381","250592","251527","252266","253794","255435","2231","2064","1886","1833","1762","1681","1630","1617","1583","1532","1508","1467","2747","2651","2548","2489","2444","2296","2306","2262","2282","2109","2081","2054","3074186","3062309","3046355","3007856","3002555","2988046","2982085","2966334","2954451","2944062","2936760","2923179","2926324","10551","10589","10685","10986","11163","11187","11216","12083","12335","12387","12717","13073","13396","102765","62932","23066","115492","87699","50705","1276","541","135","1397","825","319"
"20000","Kansas","161723","156083","145893","145350","141855","141637","142098","140530","138769","138642","138701","138680","208149","203325","199860","199970","197585","196251","195755","195303","196016","198121","199269","200260","5916","5656","5175","5158","5088","4890","4980","4873","4807","4754","4710","4638","8379","8162","7785","7713","7630","7423","7452","7321","7455","7180","7163","7127","2885905","2871238","2853118","2818747","2802134","2775997","2764075","2744687","2735502","2723507","2715884","2694641","2688418","12064","12073","12114","12222","12343","12418","12292","12024","12409","12565","12692","13224","13278","82496","50244","18512","92640","68725","38314","3354","1597","447","4312","2535","1035"
"21000","Kentucky","251240","240558","225845","222882","215199","209986","206620","202530","197475","195722","194410","192967","324829","314572","308611","307440","299777","294379","287459","284969","283170","283257","283133","282685","12127","11532","10971","10974","10738","10154","9982","10013","9990","9963","9963","9910","18252","17618","17358","17474","17121","16527","16232","16115","16297","15926","15969","16012","4380415","4369356","4339367","4314113","4269245","4241474","4206074","4173405","4145922","4117827","4092891","4065556","4041769","16529","16511","16620","16558","16528","16699","16869","16957","16958","16742","16876","17000","16701","142401","71026","19895","161918","101642","45233","6812","3265","929","9081","5496","2530"
"22000","Louisiana","195875","187338","178681","173157","167296","167374","167786","165869","164099","162040","161283","160392","250473","242661","240966","235736","229155","230772","232417","231979","232084","231154","231618","231781","54576","52110","47544","46346","44586","44154","47014","46338","45727","45612","45536","45437","81711","78780","75961","74561","71456","71609","75447","74770","74150","74189","73790","73451","4601893","4574836","4533372","4492076","4410796","4293204","4287768","4523628","4515770","4496334","4482646","4465430","4468976","19045","19061","19611","20007","20795","19468","19888","20836","21162","21698","21708","22108","21087","107352","57619","16478","121668","81061","34443","31828","13936","3963","42500","23648","9596"
"23000","Maine","99364","94040","87663","84490","82305","81154","81168","79711","78386","77278","76458","75541","123292","118805","115121","112008","110098","109182","109487","108030","108080","107290","107005","106642","396","348","292","268","242","214","182","183","169","165","152","142","368","295","276","259","256","213","187","192","176","146","131","120","1329192","1328188","1328361","1318301","1316456","1317207","1321574","1321505","1317253","1305728","1294464","1286670","1274923","4003","4035","4060","4062","3995","4021","4001","4042","4083","4238","4249","4415","4261","52655","29106","9231","57840","39337","19640","217","73","27","166","73","38"
"24000","Maryland","241080","229962","217927","215003","208180","205583","203627","202222","201443","199269","197162","194720","311491","300821","293546","291178","286084","281082","283043","281852","282520","280264","279194","277724","66080","62853","57636","55044","53187","52990","51087","48868","45500","44738","43652","42718","101964","96958","91219","86350","84129","82044","79668","76711","71987","70589","69308","67885","5884563","5828289","5773552","5699478","5633597","5618344","5615727","5600388","5558058","5508909","5458137","5375156","5296486","15387","15894","15940","16075","16280","15995","15326","15434","15509","15340","16130","16114","16361","125950","69879","25680","141918","97433","53565","38769","16861","4202","53262","27773","11486"
"25000","Massachusetts","372782","356083","342095","331629","325895","324962","325091","325143","324129","326726","325796","324710","507441","492040","490300","481020","476288","475499","474782","478024","482538","488867","491165","493111","16591","15739","13071","12276","11919","11689","11357","11127","11013","10757","10322","9889","25528","24193","20645","19398","19007","18935","18184","17770","17620","16941","16359","15786","6646144","6587536","6547629","6593587","6497967","6449755","6437193","6398743","6416505","6433422","6427801","6379304","6349097","20812","21349","21825","21629","22882","22590","22769","22398","22538","22345","22570","23201","23165","187837","112909","42377","220462","164117","94921","8663","3851","1136","11814","6668","2687"
"26000","Michigan","557308","533430","507696","492405","480337","471934","464659","459048","454553","453522","450450","447313","707934","686379","673335","658838","649770","641659","647800","644398","638325","635812","635974","635808","56970","54671","50617","49306","48542","47948","48046","47330","48235","48271","47928","47793","85885","82772","78745","76816","75894","75001","75619","74554","74962","74364","73830","73139","9883360","9876187","9883640","9969727","10003422","10071822","10095643","10120860","10112620","10079985","10050446","9990817","9938444","28216","28356","28568","28599","28766","28678","29224","29387","28720","29068","29199","29256","29058","297574","165580","55541","330393","227309","116902","31785","15949","5074","42347","26528","11540"
"27000","Minnesota","308648","295260","278382","268766","261737","258104","255342","251975","247906","244290","242828","240992","389784","377236","368067","358909","352616","348631","348484","344688","343451","340027","339663","339060","5445","5090","3945","3496","3319","3174","2995","2881","2834","2638","2466","2354","6930","6509","5107","4729","4588","4393","4224","4024","3805","3535","3351","3191","5379139","5344861","5303925","5266214","5220393","5197621","5167101","5132799","5100958","5059375","5019720","4972294","4919479","15980","16218","16592","16980","17153","18028","18097","18432","18638","19053","19109","19061","19143","159931","92039","33472","175976","122084","70743","3147","1236","306","3776","1730","542"
"28000","Mississippi","130761","124662","117667","114672","112550","111323","112053","109350","106526","104683","103733","102707","169708","163826","163192","160212","158152","157882","155177","153555","153190","152184","152133","152023","39154","37396","34634","34519","33596","33385","32998","32450","32271","32089","32245","32408","59169","57348","56303","57256","55657","55355","54490","53815","53848","54268","54263","54246","2984926","2978512","2967297","2951996","2938618","2918785","2910540","2921088","2902966","2881281","2871782","2858029","2844658","15527","15610","16255","16182","16656","16636","16652","16480","16949","16795","16887","16984","17073","73725","37968","9785","83818","54675","23091","23209","9736","3088","30426","17736","7956"
"29000","Missouri","350834","338040","317170","309268","301563","297321","297205","292502","287820","286095","285183","283945","450282","437984","430098","422809","415428","412451","408103","406090","405756","406411","408146","409288","25368","24392","22716","22167","21726","21217","21374","21045","20754","20308","20260","20145","39928","38798","37167","36541","35916","35114","34843","34587","34718","34263","33997","33661","6021988","6010688","5988927","5987580","5911605","5878415","5842713","5800310","5754618","5704484","5672579","5629707","5595211","21826","22046","22012","22231","22247","21807","22636","22812","22838","22981","22310","22845","23906","190225","105893","33490","214360","144409","72125","14748","6886","1870","20562","12198","4954"
"30000","Montana","71491","67927","61814","59565","57662","56130","55402","54124","53322","52273","51882","51445","80133","77256","74023","71939","70287","69309","68684","67883","67347","66217","66094","65878","122","108","112","103","98","91","90","83","81","71","64","58","84","67","110","100","100","91","85","91","83","71","64","59","1005141","998199","989415","974989","967440","957861","944632","935670","926865","917621","909453","904433","902195","4421","4325","4441","4574","4493","4589","4690","4792","4804","4777","4686","4868","4753","38415","20083","6854","38302","24191","12737","73","23","6","28","27","5"
"31000","Nebraska","108234","104767","98561","97893","95835","95171","94430","93540","93715","93561","93387","93138","139144","136133","133192","134209","132495","131567","131613","130923","131422","131574","132158","132618","2528","2408","2178","2137","2026","1956","1898","1917","1841","1810","1769","1739","3390","3268","3087","3099","3019","2937","2923","2853","2889","2694","2655","2613","1855525","1842641","1826341","1796619","1783432","1774571","1768331","1758787","1747214","1739291","1729180","1713235","1711263","7760","7820","8253","8405","8637","8861","8835","8747","8637","8758","9070","9424","9251","55109","34215","12483","61402","46995","25924","1470","695","139","1756","1001","353"
"32000","Nevada","145925","137593","123689","120398","116356","112228","111263","107675","105840","101874","97902","94052","157268","149235","137791","133629","129242","127274","126359","122282","118996","114412","110390","106473","9831","9217","8164","7733","7393","7159","6917","6408","5196","4946","4643","4342","12226","11145","10034","9430","8856","8692","8213","7497","6066","5763","5494","5244","2758931","2723322","2700551","2643085","2600167","2565382","2495529","2414807","2334771","2241154","2173491","2106074","1998257","7114","7156","7041","7002","7048","6700","6338","5995","5713","5125","5168","4795","4598","79770","38253","9758","79446","42633","16804","5815","2356","467","6643","2881","911"
"33000","New Hampshire","85062","80495","76308","71881","69717","68408","68616","66233","64684","63849","62805","61682","104698","100338","99487","94917","93101","91405","91972","88069","87279","86679","86004","85187","517","437","375","319","289","261","260","244","256","255","219","187","521","400","378","368","346","340","305","269","260","249","213","190","1320718","1318194","1316470","1324575","1315809","1315828","1314895","1309940","1299500","1287687","1275056","1259181","1235786","3314","3323","3348","3418","3413","3396","3377","3395","3365","3354","3469","3443","3495","45494","23933","7941","48983","31791","16546","250","95","19","216","113","16"
"34000","New Jersey","440794","424768","410993","404696","397204","396294","394988","395009","396394","396333","396306","396116","601305","586441","579947","573848","569393","565864","575627","578369","579895","583233","585583","587670","49099","47238","44640","43051","42371","42429","40878","40409","40099","39148","38386","37598","78480","75771","72469","69629","68810","68160","66639","65141","64447","63015","61755","60262","8864590","8821155","8791894","8707739","8682661","8685920","8724560","8717925","8698879","8638396","8590300","8484431","8414350","25711","25461","27032","27042","27114","27943","28869","28147","28116","29182","29761","30345","31180","220150","136711","50675","260455","198317","110386","28382","12853","3269","40799","22435","8629"
"35000","New Mexico","121984","116577","106140","105687","101501","98165","94759","92766","91800","90567","88916","87081","145587","139884","131592","131110","126587","123562","120020","117891","115446","113924","112332","110657","2056","1944","2067","1972","1855","1660","1535","1472","1414","1384","1320","1247","2223","2149","2332","2254","2139","2043","1976","1883","1773","1685","1637","1586","2085538","2082224","2059179","2009671","1984356","1969915","1954599","1928384","1903289","1874614","1855059","1829146","1819046","5320","5281","5459","5317","5315","4984","4947","4895","4944","4955","4863","4948","4924","59827","32585","9787","65873","39718","17821","1137","483","126","1025","678","241"
"36000","New York","937406","901587","887573","883863","860645","854334","846349","841985","839606","839354","838599","837220","1269151","1236453","1245324","1246891","1224930","1218325","1227839","1225876","1226113","1228123","1235468","1241284","134618","129654","122330","119798","116241","115108","112603","109400","110316","106720","103210","99626","227993","220793","210840","208004","202609","199660","198762","193764","195002","189081","183731","178568","19570261","19465197","19378102","19541453","19490297","19297729","19306183","19254630","19227088","19190115","19157532","19011378","18976457","69814","71088","72936","73566","74554","75664","76855","76925","77424","77940","78829","81196","80742","467279","288640","105167","551882","409729","226417","75185","33300","9772","113234","62911","27186"
"37000","North Carolina","481686","454650","417075","396281","381978","370973","363053","353979","347347","339592","334236","328644","619915","591276","563063","539688","525645","515344","504520","496649","492366","484513","479806","474717","83008","78283","70018","66979","64674","62651","61692","59831","58033","57600","57141","56451","129398","123631","114762","111356","108008","106104","104631","102842","100779","100290","99585","98596","9752073","9656401","9535483","9380884","9222414","9061032","8856505","8683242","8541221","8407248","8320146","8186268","8049313","26616","28245","28548","27756","27988","28116","28513","28348","28457","28686","29281","29546","29084","262415","134473","37778","299564","187489","85112","48279","20463","5629","64834","37652","16504"
"38000","North Dakota","42996","41820","39523","39130","38606","38458","38160","38013","38825","38936","39056","39146","54703","53972","52744","52647","52250","52173","53410","53263","53082","53181","53425","53520","117","104","67","67","62","48","47","32","49","59","48","38","94","86","60","48","47","43","35","31","39","43","35","31","699628","683932","672591","646844","641481","639715","635867","636677","634366","633837","634110","634448","642200","3672","3598","3838","3857","3908","3886","3943","4026","4054","4045","4264","4272","4330","21715","14129","5399","23370","19008","11116","63","15","6","47","16","7"
"39000","Ohio","660280","633828","603958","588779","576429","570687","567236","564862","561195","559106","557321","555474","871265","847360","841491","826974","816485","811543","813736","813939","811654","813091","814897","816275","57996","55991","52148","50954","50395","49975","50293","49590","49014","48710","48506","48274","88025","85604","82799","80813","79663","78933","78747","78098","76754","75646","75397","74925","11544225","11544951","11536504","11542645","11485910","11466917","11478006","11464042","11459011","11435798","11421267","11373541","11353140","37574","37524","38225","38103","38198","37512","37719","37726","37036","36941","37356","37333","37968","350119","201693","66832","405980","286136","145195","32402","17162","4715","43775","28335","11451"
"40000","Oklahoma","204551","197847","184449","181758","177539","174676","174740","173080","170399","169802","168916","167781","257929","251640","246821","245065","240763","239068","234133","234032","234455","235969","236719","237040","10064","9618","8930","8841","8578","8084","8065","7942","7979","7649","7667","7669","14077","13647","13217","13246","12906","12566","12230","12147","12187","12129","12033","12014","3814820","3791508","3751351","3687050","3642361","3617316","3579212","3547884","3523553","3511532","3493714","3460097","3450654","13600","13719","13465","13297","13009","12971","13011","13143","12847","13095","13018","13096","13206","111643","61419","18417","126225","82978","37262","5891","2560","696","7300","4121","1671"
"41000","Oregon","248251","234968","216923","211004","204031","198753","194192","189235","186338","182282","181178","179897","302054","289211","273182","267236","260427","256418","254211","250025","247363","243199","242993","242562","2586","2413","2230","2127","2036","1947","1804","1749","1732","1596","1533","1480","2920","2777","2815","2719","2611","2523","2432","2394","2295","2089","2028","1941","3899353","3871859","3831074","3825657","3790060","3747455","3700758","3641056","3594586","3559596","3521515","3472867","3421399","7876","7991","8063","7997","8372","8013","7781","7714","7729","7782","7837","7766","7718","129771","68417","25618","140784","88452","49357","1461","561","174","1474","779","335"
"42000","Pennsylvania","796349","767065","738670","722097","711219","707946","709155","709894","710562","713312","713954","714484","1065232","1040439","1045647","1030716","1023740","1023405","1032375","1037622","1042405","1049365","1056508","1062845","53741","51811","47925","47136","46659","47117","46573","46274","46414","46037","45983","45742","87202","84992","81767","80510","79522","79924","79565","78930","79386","78683","78265","77712","12763536","12742886","12702379","12604767","12448279","12432792","12440621","12429616","12406292","12365455","12335091","12287150","12281054","45062","45521","46651","45903","48363","47573","47560","47889","48215","48812","48873","50710","51289","407195","254450","89615","470466","364525","196069","30142","15205","4551","42737","27692","12036"
"44000","Rhode Island","62623","60365","57974","56619","56097","56577","57288","57204","57180","57886","57843","57786","86839","85112","84892","83678","83564","84323","85656","86692","87082","88178","88625","89089","2143","2010","1750","1582","1563","1554","1584","1570","1512","1489","1428","1384","3085","2991","2578","2474","2457","2395","2360","2311","2324","2194","2133","2040","1050292","1051302","1052567","1053209","1050788","1057832","1067610","1076189","1080632","1076164","1069725","1058920","1048319","3237","3274","3285","3318","3269","3120","3065","3086","3079","3333","3348","3378","3181","31039","19318","7823","36603","28769","17877","994","444","121","1259","809","276"
"45000","South Carolina","245014","230841","213574","202025","193125","184429","177670","171147","166734","163573","160394","157128","302002","286863","276716","264774","255503","248788","239578","234464","230469","226594","223843","221060","54719","51693","47040","45761","44094","42587","41719","40791","40417","40320","39792","39124","82972","79468","76439","75162","72476","70613","69898","68237","68768","67959","67179","66255","4723723","4679230","4625364","4561242","4479800","4407709","4321249","4255083","4198068","4147152","4107183","4063011","4012012","14156","13885","14031","13882","13928","13701","13500","13146","12917","12654","13064","13358","13636","136766","65646","17409","150404","87206","38562","31998","13322","3773","42819","23279","10259"
"46000","South Dakota","51683","49980","49239","48293","47087","45803","45041","44799","44641","44516","44418","44255","64714","63520","63721","63101","61949","61258","61550","60990","60656","60224","60436","60523","269","174","141","133","116","96","91","94","93","85","77","65","364","179","94","92","91","85","77","77","76","60","53","52","833354","824082","814180","812383","804194","796214","781919","775933","770883","764309","761063","756600","754844","4877","4769","4798","4838","4810","4959","5070","5083","5313","5113","5312","5157","5017","26249","16386","6178","28222","21973","12640","92","27","8","65","29","11"
"47000","Tennessee","356831","339970","317071","306995","294945","284352","278690","272214","263796","259307","256079","252618","454534","438400","425845","417171","405188","395187","384254","379988","377901","376546","373997","371287","35803","33692","31739","31155","30385","29283","28940","28473","28245","28023","27872","27747","56327","54088","53424","52320","51366","49985","48743","48281","48188","47847","47668","47479","6456243","6403353","6346105","6296254","6214888","6156719","6038803","5962959","5900962","5841748","5797289","5740021","5689283","22400","22759","23894","23985","24309","26428","25152","24018","23359","23984","23901","24867","24298","202143","98202","27149","226119","138805","62302","20538","8964","2543","28736","16504","6890"
"48000","Texas","1099465","1044919","963170","935212","901348","878091","859934","837824","819522","808675","793818","778198","1375649","1319846","1266374","1240194","1207294","1181683","1150703","1126920","1113214","1106406","1093600","1079684","99077","93516","84828","82392","79956","77399","74430","72777","71340","71213","70181","69084","147109","140083","131950","127981","125555","121456","116686","114075","111791","111903","110447","109331","26059203","25674681","25145561","24782302","24326974","23904380","23507783","22859968","22490022","22118509","21779893","21325018","20851820","76500","76285","77457","77787","76843","75838","74865","72927","71355","69792","69572","69426","69643","570398","299252","88736","641624","403163","177926","56547","24690","6629","74675","41568","16728"
"49000","Utah","119559","113795","108695","106642","101035","97050","92671","88796","86901","85184","83386","81626","141620","135963","132995","130488","124506","120636","116316","112287","109603","108139","106454","104808","604","543","580","578","523","496","437","428","403","381","335","313","653","603","682","631","592","511","464","428","465","410","376","352","2855287","2817222","2763885","2784572","2736424","2645330","2550063","2469585","2389039","2351467","2316256","2269789","2233169","6122","5934","6059","6069","5987","5709","5423","5536","5367","5232","5238","5231","5123","61985","34665","10844","68415","42159","18920","335","118","40","306","142","81"
"50000","Vermont","43509","41288","38569","36954","35687","34909","35022","34315","33502","32728","32387","31985","53266","51302","49788","48222","47353","46772","45889","45371","45616","45592","45276","44966","140","128","130","115","103","101","96","92","84","74","73","65","145","137","126","116","114","95","80","71","71","77","72","57","626011","626431","625741","621760","621270","621254","623908","623050","621394","619107","616592","613090","608827","1399","1362","1495","1503","1496","1547","1508","1553","1738","1771","1841","1959","1951","23473","12112","4047","25124","16213","8613","75","26","10","73","34","12"
"51000","Virginia","377734","357550","333092","325667","312735","306274","298608","291663","285056","277207","272678","267949","475067","454810","441977","435068","423077","413469","403954","396819","395124","389997","386857","383589","63598","60668","56031","55214","53666","52244","51401","50837","49141","48864","48525","48173","95220","91688","87883","86526","84528","82533","80916","79535","78154","77693","76746","75711","8185867","8096604","8001024","7882590","7769089","7712091","7642884","7567465","7459827","7386330","7293542","7187734","7078515","23328","23391","23407","23107","23536","22780","23092","23477","23495","23516","23365","23267","22909","205640","104228","32442","228031","142699","69517","36422","16956","4842","48215","28046","12273"
"53000","Washington","371105","352475","325159","315493","303687","295054","287348","280201","273983","268680","266393","263778","446452","428018","404751","396347","385210","377788","371940","364952","360822","357375","355872","353943","8364","7633","6855","6505","6318","6001","5613","5439","5446","4840","4671","4515","9098","8433","7945","7456","7315","7094","6863","6555","6496","5880","5701","5573","6897012","6830038","6724540","6664195","6549224","6468424","6395798","6287759","6203788","6131445","6068996","5987973","5894121","14525","14366","14325","14105","14108","13827","13305","13168","13453","13780","13699","13829","13604","195343","100169","37333","208549","128030","71991","4677","1877","510","4321","2388","1041"
"54000","West Virginia","133563","127952","118929","117143","114845","113161","114606","113571","111075","109685","109543","109400","167621","162897","158425","157817","155946","156042","154585","155319","156741","157308","158008","158712","2878","2676","2554","2538","2537","2429","2467","2441","2505","2440","2478","2488","4095","3910","4122","4234","4181","4139","4156","4379","4384","4404","4489","4528","1855413","1855364","1852994","1819777","1814468","1812035","1818470","1816856","1815354","1810354","1801873","1801916","1808344","8292","8448","8408","8503","8918","8974","8877","8895","8870","9199","9232","9354","9426","75208","39227","11105","82589","55655","23663","1585","743","224","1883","1374","663"
"55000","Wisconsin","347753","331876","313900","308046","300850","295146","292567","289343","287220","284539","283575","282640","439394","425607","415325","411118","405381","400151","401473","399315","398320","396369","396745","397221","9427","8928","7961","7797","7585","7429","7231","7061","6937","6624","6446","6285","13793","13186","12150","11797","11606","11185","10989","10745","10615","10022","9803","9566","5726398","5711767","5686986","5654774","5627967","5601640","5556506","5536201","5509026","5472299","5441196","5401906","5363675","15182","15154","15912","16167","16181","16500","16804","17196","17060","17375","17475","18508","18886","180321","105708","36485","197660","142137","78840","5503","2385","556","7427","3935","1314"
"56000","Wyoming","34175","32811","29662","29013","28135","27694","27335","26629","25945","25601","25280","24926","38560","37319","35112","34603","33853","33313","33255","33035","32538","32234","31993","31711","379","183","148","148","140","134","123","123","125","121","111","107","443","178","166","163","156","153","145","144","151","137","125","122","576412","568158","563626","544270","532668","522830","515004","509294","506529","501242","498703","494423","493782","2572","2607","2680","2661","2675","2648","2579","2527","2544","2326","2337","2332","2302","18828","9525","2972","19058","11603","5396","82","50","12","66","50","25"
