FIPS,# STG Facs Reporting Expenses (2012),# STG Facs Reporting Expenses (2011),# STG Facs Reporting Expenses (2010),# STG Facs Reporting Expenses (2009),# STG Facs Reporting Expenses (2008),# STG Facs Reporting Expenses (2007),# STG Facs Reporting Expenses (2006),# STG Facs Reporting Expenses (2005),# STG Facs Reporting Expenses (2004),# STG Facs Reporting Expenses (2003),# STG Facs Reporting Expenses (2002),# STG Facs Reporting Expenses (2001),# STG Facs Reporting Expenses (2000),# STG Facs Reporting Expenses (1999),# STG Facs Reporting Expenses (1998),# STG Facs Reporting Expenses (1997),# STG Facs Reporting Expenses (1996),# STG Facs Reporting Expenses (1995),# STG Facs Reporting Expenses (1990),# STG Facs Reporting Expenses (1985),# STG Facs Reporting Expenses (1980),# STNG/LT Facs Reporting Expenses (2012),# STNG/LT Facs Reporting Expenses (2011),# STNG/LT Facs Reporting Expenses (2010),# STNG/LT Facs Reporting Expenses (2009),# STNG/LT Facs Reporting Expenses (2008),# STNG/LT Facs Reporting Expenses (2007),# STNG/LT Facs Reporting Expenses (2006),# STNG/LT Facs Reporting Expenses (2005),# STNG/LT Facs Reporting Expenses (2004),# STNG/LT Facs Reporting Expenses (2003),# STNG/LT Facs Reporting Expenses (2002),# STNG/LT Facs Reporting Expenses (2001),# STNG/LT Facs Reporting Expenses (2000),# STNG/LT Facs Reporting Expenses (1999),# STNG/LT Facs Reporting Expenses (1998),# STNG/LT Facs Reporting Expenses (1997),# STNG/LT Facs Reporting Expenses (1996),# STNG/LT Facs Reporting Expenses (1995),# STNG/LT Facs Reporting Expenses (1990),# STNG/LT Facs Reporting Expenses (1985),# STNG/LT Facs Reporting Expenses (1980),# Vet Facs Reporting Expenses (2012),# Vet Facs Reporting Expenses (2011),# Vet Facs Reporting Expenses (2010),# Vet Facs Reporting Expenses (2009),# Vet Facs Reporting Expenses (2008),# Vet Facs Reporting Expenses (2007),# Vet Facs Reporting Expenses (2006),# Vet Facs Reporting Expenses (2005),# Vet Facs Reporting Expenses (2004),# Vet Facs Reporting Expenses (2003),# Vet Facs Reporting Expenses (2002),# Vet Facs Reporting Expenses (2001),# Vet Facs Reporting Expenses (2000),# Vet Facs Reporting Expenses (1999),# Vet Facs Reporting Expenses (1998),# Vet Facs Reporting Expenses (1997),# Vet Facs Reporting Expenses (1996),# Vet Facs Reporting Expenses (1995),# STG Facs Rprt Payroll Expenses (2012),# STG Facs Rprt Payroll Expenses (2011),# STG Facs Rprt Payroll Expenses (2010),# STG Facs Rprt Payroll Expenses (2009),# STG Facs Rprt Payroll Expenses (2008),# STG Facs Rprt Payroll Expenses (2007),# STG Facs Rprt Payroll Expenses (2006),# STG Facs Rprt Payroll Expenses (2005),# STG Facs Rprt Payroll Expenses (2004),# STG Facs Rprt Payroll Expenses (2003),# STG Facs Rprt Payroll Expenses (2002),# STG Facs Rprt Payroll Expenses (2001),# STG Facs Rprt Payroll Expenses (2000),# STG Facs Rprt Payroll Expenses (1999),# STG Facs Rprt Payroll Expenses (1998),# STG Facs Rprt Payroll Expenses (1997),# STG Facs Rprt Payroll Expenses (1996),# STG Facs Rprt Payroll Expenses (1995),# STG Facs Rprt Payroll Expenses (1990),# STG Facs Rprt Payroll Expenses (1985),# STG Facs Rprt Payroll Expenses (1980),# STNG/LT Facs Rprt Payroll Expenses (2012),# STNG/LT Facs Rprt Payroll Expenses (2011),# STNG/LT Facs Rprt Payroll Expenses (2010),# STNG/LT Facs Rprt Payroll Expenses (2009),# STNG/LT Facs Rprt Payroll Expenses (2008),# STNG/LT Facs Rprt Payroll Expenses (2007),# STNG/LT Facs Rprt Payroll Expenses (2006),# STNG/LT Facs Rprt Payroll Expenses (2005),# STNG/LT Facs Rprt Payroll Expenses (2004),# STNG/LT Facs Rprt Payroll Expenses (2003),# STNG/LT Facs Rprt Payroll Expenses (2002),# STNG/LT Facs Rprt Payroll Expenses (2001),# STNG/LT Facs Rprt Payroll Expenses (2000),# STNG/LT Facs Rprt Payroll Expenses (1999),# STNG/LT Facs Rprt Payroll Expenses (1998),# STNG/LT Facs Rprt Payroll Expenses (1997),# STNG/LT Facs Rprt Payroll Expenses (1996),# STNG/LT Facs Rprt Payroll Expenses (1995),# STNG/LT Facs Rprt Payroll Expenses (1990),# STNG/LT Facs Rprt Payroll Expenses (1985),# STNG/LT Facs Rprt Payroll Expenses (1980),STG Tot Rep Pyrl Expense(1000's) (2012),STG Tot Rep Pyrl Expense(1000's) (2011),STG Tot Rep Pyrl Expense(1000's) (2010),STG Tot Rep Pyrl Expense(1000's) (2009),STG Tot Rep Pyrl Expense(1000's) (2008),STG Tot Rep Pyrl Expense(1000's) (2007),STG Tot Rep Pyrl Expense(1000's) (2006),STG Tot Rep Pyrl Expense(1000's) (2005),STG Tot Rep Pyrl Expense(1000's) (2004),STG Tot Rep Pyrl Expense(1000's) (2003),STG Tot Rep Pyrl Expense(1000's) (2002),STG Tot Rep Pyrl Expense(1000's) (2001),STG Tot Rep Pyrl Expense(1000's) (2000),STG Tot Rep Pyrl Expense(1000's) (1999),STG Tot Rep Pyrl Expense(1000's) (1998),STG Tot Rep Pyrl Expense(1000's) (1997),STG Tot Rep Pyrl Expense(1000's) (1996),STG Tot Rep Pyrl Expense(1000's) (1995),STG Tot Rep Pyrl Expense(1000's) (1990),STG Tot Rep Pyrl Expense(1000's) (1985),STG Tot Rep Pyrl Expense(1000's) (1980),STNG/LT Tot Rep Pyrl Expense(1000's) (2012),STNG/LT Tot Rep Pyrl Expense(1000's) (2011),STNG/LT Tot Rep Pyrl Expense(1000's) (2010),STNG/LT Tot Rep Pyrl Expense(1000's) (2009),STNG/LT Tot Rep Pyrl Expense(1000's) (2008),STNG/LT Tot Rep Pyrl Expense(1000's) (2007),STNG/LT Tot Rep Pyrl Expense(1000's) (2006),STNG/LT Tot Rep Pyrl Expense(1000's) (2005),STNG/LT Tot Rep Pyrl Expense(1000's) (2004),STNG/LT Tot Rep Pyrl Expense(1000's) (2003),STNG/LT Tot Rep Pyrl Expense(1000's) (2002),STNG/LT Tot Rep Pyrl Expense(1000's) (2001),STNG/LT Tot Rep Pyrl Expense(1000's) (2000),STNG/LT Tot Rep Pyrl Expense(1000's) (1999),STNG/LT Tot Rep Pyrl Expense(1000's) (1998),STNG/LT Tot Rep Pyrl Expense(1000's) (1997),STNG/LT Tot Rep Pyrl Expense(1000's) (1996),STNG/LT Tot Rep Pyrl Expense(1000's) (1995),STNG/LT Tot Rep Pyrl Expense(1000's) (1990),STNG/LT Tot Rep Pyrl Expense(1000's) (1985),STNG/LT Tot Rep Pyrl Expense(1000's) (1980),STG Total Rep Fac Exp (1000's) (2012),STG Total Rep Fac Exp (1000's) (2011),STG Total Rep Fac Exp (1000's) (2010),STG Total Rep Fac Exp (1000's) (2009),STG Total Rep Fac Exp (1000's) (2008),STG Total Rep Fac Exp (1000's) (2007),STG Total Rep Fac Exp (1000's) (2006),STG Total Rep Fac Exp (1000's) (2005),STG Total Rep Fac Exp (1000's) (2004),STG Total Rep Fac Exp (1000's) (2003),STG Total Rep Fac Exp (1000's) (2002),STG Total Rep Fac Exp (1000's) (2001),STG Total Rep Fac Exp (1000's) (2000),STG Total Rep Fac Exp (1000's) (1999),STG Total Rep Fac Exp (1000's) (1998),STG Total Rep Fac Exp (1000's) (1997),STG Total Rep Fac Exp (1000's) (1996),STG Total Rep Fac Exp (1000's) (1995),STG Total Rep Fac Exp (1000's) (1990),STG Total Rep Fac Exp (1000's) (1985),STG Total Rep Fac Exp (1000's) (1980),STNG/LT Total Rep Fac Exp (1000's) (2012),STNG/LT Total Rep Fac Exp (1000's) (2011),STNG/LT Total Rep Fac Exp (1000's) (2010),STNG/LT Total Rep Fac Exp (1000's) (2009),STNG/LT Total Rep Fac Exp (1000's) (2008),STNG/LT Total Rep Fac Exp (1000's) (2007),STNG/LT Total Rep Fac Exp (1000's) (2006),STNG/LT Total Rep Fac Exp (1000's) (2005),STNG/LT Total Rep Fac Exp (1000's) (2004),STNG/LT Total Rep Fac Exp (1000's) (2003),STNG/LT Total Rep Fac Exp (1000's) (2002),STNG/LT Total Rep Fac Exp (1000's) (2001),STNG/LT Total Rep Fac Exp (1000's) (2000),STNG/LT Total Rep Fac Exp (1000's) (1999),STNG/LT Total Rep Fac Exp (1000's) (1998),STNG/LT Total Rep Fac Exp (1000's) (1997),STNG/LT Total Rep Fac Exp (1000's) (1996),STNG/LT Total Rep Fac Exp (1000's) (1995),STNG/LT Total Rep Fac Exp (1000's) (1990),STNG/LT Total Rep Fac Exp (1000's) (1985),STNG/LT Total Rep Fac Exp (1000's) (1980),Vet Total Rep Fac Exp (1000's) (2012),Vet Total Rep Fac Exp (1000's) (2011),Vet Total Rep Fac Exp (1000's) (2010),Vet Total Rep Fac Exp (1000's) (2009),Vet Total Rep Fac Exp (1000's) (2008),Vet Total Rep Fac Exp (1000's) (2007),Vet Total Rep Fac Exp (1000's) (2006),Vet Total Rep Fac Exp (1000's) (2005),Vet Total Rep Fac Exp (1000's) (2004),Vet Total Rep Fac Exp (1000's) (2003),Vet Total Rep Fac Exp (1000's) (2002),Vet Total Rep Fac Exp (1000's) (2001),Vet Total Rep Fac Exp (1000's) (2000),Vet Total Rep Fac Exp (1000's) (1999),Vet Total Rep Fac Exp (1000's) (1998),Vet Total Rep Fac Exp (1000's) (1997),Vet Total Rep Fac Exp (1000's) (1996),Vet Total Rep Fac Exp (1000's) (1995)
1000,93,98,98,100,101,101,101,101,102,103,103,104,105,106,109,110,114,115,123,134,135,28,27,30,31,28,29,28,28,19,17,18,17,17,16,18,19,19,20,17,13,12,3,3,3,3,3,3,3,3,3,3,3,3,3,3,3,3,4,4,93,98,98,100,101,101,101,101,102,103,103,104,105,106,109,110,114,115,123,134,135,28,27,30,31,28,29,28,28,19,17,18,17,17,16,18,19,19,20,17,13,12,3504242,3339733,3250045,3218106,3237580,3053446,2925905,2874052,2631770,2501400,2384433,2308326,2233666,2122017,2119355,2119072,2100776,1950599,1407195,977818,616105,642133,637143,615728,664377,587387,555360,502228,437644,353999,364269,340640,265640,292960,217869,276631,308984,295810,297720,172037,106141,81544,8948864,8256997,8255675,8107165,8096701,7669734,7375746,7042645,6630206,6317467,5697362,5666817,5446827,5217554,5064924,5075369,5003740,4657337,3304833,2172500,1288442,1383780,1375760,1343244,1462562,1259441,1188742,1066694,954419,747543,742967,669759,527915,577426,431406,524793,568352,523243,535063,325719,189044,139113,870134,867029,769487,644792,572093,441398,526134,477557,443355,331928,330706,255865,302904,262684,240775,297684,274229,238289
2000,21,24,24,24,23,23,23,23,23,24,24,24,24,24,24,24,24,24,24,25,25,6,3,3,3,4,3,3,3,3,2,2,3,3,3,3,3,3,3,3,2,1,0,0,0,0,0,0,0,0,0,0,0,0,0,0,0,0,0,0,21,24,24,24,23,23,23,23,23,24,24,24,24,24,24,24,24,24,24,25,25,6,3,3,3,4,3,3,3,3,2,2,3,3,3,3,3,3,3,3,2,1,745653,772650,701983,776328,693530,640583,670325,602340,526727,552759,512978,454736,426597,380749,416132,338283,337650,320564,225128,169713,84901,79025,39864,38754,35647,52369,25440,20776,27622,20848,24684,22599,18569,17416,14739,13064,16241,13189,11423,18882,9999,5558,1878299,1903343,1687545,1910532,1700901,1608734,1573927,1448467,1250653,1222454,1123545,1079651,941320,829118,873479,752919,776869,707943,477761,321708,151547,145306,80903,82728,85689,107800,49248,39997,52126,40307,41824,32115,33671,30577,26235,25983,29455,24520,24680,27136,18819,8056,0,0,0,0,0,0,0,0,0,0,0,0,0,0,0,0,0,0
4000,71,75,75,74,73,73,67,70,68,68,67,67,67,69,73,71,73,73,76,76,77,31,24,26,24,26,20,25,22,17,14,14,14,14,14,19,20,17,17,16,10,6,3,3,3,3,3,3,3,3,3,3,3,3,3,3,3,3,3,3,71,75,75,74,73,73,67,70,68,68,67,67,67,69,73,71,73,73,76,76,77,31,24,26,24,26,20,25,22,17,14,14,14,14,14,19,20,17,17,16,10,6,4993796,5167167,4824375,4730343,4515197,4201288,3839656,3517993,2934970,2868145,2617231,2271597,2213210,2009253,1862084,1722397,1720635,1672286,1199422,836830,487944,653684,459577,591702,546891,567548,424874,442934,280930,330169,206226,182483,220839,137960,145660,172602,157458,120711,111001,87499,44137,16034,12743923,12652433,11900719,11335587,10719405,10157507,9353485,8652526,7226949,6841488,6264470,5414808,5195191,4885552,4507474,4204995,4171840,3861930,2786322,1814443,992638,1630699,1109319,1346488,1222759,1282707,940485,1049010,690920,780083,461021,411951,490666,308311,304601,353555,338446,269431,248623,209676,101549,27814,1019461,971328,884429,874180,663241,686869,752117,607116,596015,453606,570245,459806,337069,327836,283694,289012,270100,270270
5000,74,74,74,77,76,79,78,81,81,83,81,78,78,78,81,79,80,81,86,98,95,29,29,31,30,31,26,28,26,24,22,22,18,17,16,15,15,15,15,11,7,4,2,2,2,2,2,2,2,2,2,2,2,2,2,2,2,2,2,2,74,74,74,77,76,79,78,81,81,83,81,78,78,78,81,79,80,81,86,98,95,29,29,31,30,31,26,28,26,24,22,22,18,17,16,15,15,15,15,11,7,4,2203585,2095893,2025870,2106735,1927067,1872217,1786978,1711958,1631488,1603998,1475057,1343131,1301376,1270393,1212786,1125012,1071339,1004433,772732,540856,318551,421836,411984,434224,384987,394484,317394,305853,274484,255308,239475,216805,171030,175890,173343,159298,140503,149776,142480,93301,43526,20305,5943595,5399190,5185069,5294816,4900935,4718387,4546653,4369344,4093724,3933132,3613167,3371611,3154705,3021735,2884424,2626407,2545447,2377364,1755602,1116476,638226,957606,920435,979147,846190,871102,678887,685309,585088,525064,513321,486598,431131,380884,309237,330967,296822,303489,263451,193832,86551,32383,822791,794406,640235,698567,594718,547960,532169,497754,437073,364316,356295,349898,265694,268545,263573,246596,243828,250077
6000,339,342,337,342,353,352,347,351,356,360,376,378,381,391,400,410,417,420,457,491,517,80,77,85,77,75,77,87,85,74,77,73,71,72,74,75,78,81,81,97,87,89,7,7,7,7,7,7,7,7,7,7,7,7,7,7,7,7,7,7,339,342,337,342,353,352,347,351,356,360,376,378,381,391,400,410,417,420,457,491,517,80,77,85,77,75,77,87,84,74,77,73,71,72,74,75,78,81,81,97,87,89,33273515,31375704,29824646,28280489,27112398,23044063,22815070,21256308,20241293,19043632,17767877,16342857,15148461,14313476,13535064,12767080,12892461,12666285,10208661,7384715,4532156,3402909,3567973,3285906,3266575,2592987,2421643,2721086,2825085,2610505,2452845,1875375,1861291,1533191,1433987,1350207,1266091,1456141,1557567,1388594,831088,608724,83474956,77574910,72305003,67922456,64944774,57907100,55523061,52451635,49488108,46214767,42891275,39767025,37356557,35434937,32430776,30727757,30632286,30013944,23112436,15702571,9389005,8066713,8275693,7411345,7176672,6026972,5719774,5946358,6333721,5739041,5094211,4019814,3928347,3279220,2962401,2779987,2599574,2923460,3130904,2622553,1482327,998176,4113153,3705781,3190948,3221573,2748442,2552798,2106807,1902038,1948757,1774808,1985801,1755391,1465722,1454075,1350034,1265180,1349868,1206857
8000,74,75,74,75,72,72,72,70,68,68,68,67,69,67,69,67,68,69,71,85,84,23,20,21,20,24,21,19,20,17,14,14,15,13,14,14,16,17,20,16,15,18,2,2,2,2,2,2,2,2,2,2,2,2,2,2,2,3,3,3,74,75,74,75,72,72,72,70,68,68,68,67,69,67,69,67,68,69,71,85,84,23,20,21,20,24,21,19,20,17,14,14,15,13,14,14,16,17,20,16,15,18,4021647,3905996,3731431,3628399,3410120,3142184,2924222,2705365,2665021,2502656,2297808,2092740,1956564,1806753,1683337,1566033,1507495,1419319,1117089,827703,505055,696071,619944,612591,569656,543368,474817,433785,381903,354161,325581,316322,291987,298553,247791,222517,273022,241283,253494,226988,156818,96295,10522779,9701036,9287532,8810036,8371211,7745145,7082074,6574819,6219606,5825454,5361574,4852282,4428639,4076534,3814123,3606003,3530168,3299579,2419714,1662211,977149,1515907,1327107,1309673,1226090,1192304,1020309,912169,863648,757830,661830,605170,561748,572078,555358,450653,537120,498204,513888,402671,250967,150946,607748,532812,555774,344772,221411,224193,292882,225107,294629,275370,193561,165963,159683,158735,169499,204919,180159,180146
9000,29,30,30,30,31,30,30,30,31,31,31,31,31,31,31,33,33,34,36,38,39,16,16,16,17,17,17,17,18,16,17,17,17,18,18,19,19,19,22,28,27,30,1,1,1,1,1,1,1,1,1,1,1,1,1,1,1,1,1,1,29,30,30,30,31,30,30,30,31,31,31,31,31,31,31,33,33,34,36,38,39,16,16,16,17,17,17,17,18,16,17,17,17,18,18,19,19,19,22,28,27,30,3889294,3881733,3704598,3610671,3434899,3104207,2937097,2730170,2642974,2500514,2353163,2182795,2017191,1991647,1921459,1945815,1920317,1870587,1631087,988727,603480,444364,442217,495342,422004,349760,434405,444672,475931,338315,326368,340297,284180,277317,258442,219217,191596,226533,241890,287543,212258,149535,9585506,9182783,8694827,8240533,7760096,7082139,6739422,6111434,5906420,5602794,5085538,4631570,4311919,4290168,4064454,3968301,3850281,3814418,3034482,1855379,1112260,992975,950425,939153,844015,678650,830500,891149,955954,699175,587323,645979,513045,500262,507707,413747,362309,397272,418121,486840,340702,222646,501693,265297,255453,193473,159033,144677,190805,184019,202048,253618,142196,118616,108977,180193,113634,178145,175718,188855
10000,6,6,6,6,6,6,6,7,7,7,7,7,6,6,7,7,8,9,9,9,9,6,6,6,6,6,5,5,5,4,4,4,4,4,4,4,4,4,4,4,4,6,1,1,1,1,1,1,1,1,1,1,1,1,1,1,1,1,1,1,6,6,6,6,6,6,6,7,7,7,7,7,6,6,7,7,8,9,9,9,9,6,6,6,6,6,5,5,5,4,4,4,4,4,4,4,4,4,4,4,4,6,1104692,1034817,999531,960314,910539,840359,761852,741244,685920,646427,563294,527752,492150,439304,455174,413548,404765,401739,277818,169307,102051,180876,158622,149115,141307,144031,130263,128047,111192,96767,104053,94360,86145,49519,38150,61072,52611,35274,73837,45009,40214,31253,2502030,2292544,2260185,2177228,2013138,1859360,1745274,1668812,1526303,1400253,1158058,1135549,1072426,981195,949163,889565,837276,836978,570607,326977,192053,473908,406568,391199,359072,368016,328655,283699,278202,234183,236905,207219,186759,87365,123446,126765,123246,64761,141051,90453,75174,51729,216203,198973,224485,197670,169865,140082,143650,101835,95568,87352,71379,67000,51957,50434,57621,48257,67448,53331
11000,8,10,9,10,10,10,9,9,10,10,10,10,10,11,11,11,11,11,11,12,12,7,5,6,6,6,6,7,7,6,6,6,6,7,7,7,6,6,6,6,5,5,1,1,1,1,1,1,1,1,1,1,1,1,1,1,1,1,1,1,8,10,9,10,10,10,9,9,10,10,10,10,10,11,11,11,11,11,11,12,12,7,5,6,6,6,6,7,7,6,6,6,6,7,7,7,6,6,6,6,5,5,1520639,1551282,1487691,1606375,1550984,1404748,1312601,1284990,1171755,1117413,1137440,1073574,872545,979462,886346,885196,806849,982930,813951,652306,396988,462950,403267,429183,414391,379981,367860,368468,313807,260100,229099,232419,214517,229766,234712,226934,206681,272209,215324,251644,169793,130840,3492768,3494354,3265008,3596794,3535214,3170023,2888568,2990982,2752024,2603740,2472827,2291507,1853737,2087205,1862858,1918250,1838964,1887421,1614037,1124011,690696,1004915,819614,847938,839943,773189,724358,720191,611550,520500,449313,446075,412826,456512,472548,445266,420584,520422,426250,482470,269575,204381,426491,426311,371685,223006,334580,210506,203236,303848,256751,230494,208221,182049,184592,162342,173394,178103,166192,160379
12000,193,194,191,191,194,193,197,198,198,196,194,193,194,198,199,203,207,209,227,232,223,60,59,58,55,57,54,56,56,43,45,45,49,51,53,62,64,59,61,69,47,40,6,6,6,6,6,6,6,6,6,6,6,6,6,6,6,6,6,6,193,194,191,191,194,193,197,198,198,196,194,193,194,198,199,203,207,209,227,232,223,60,59,58,55,57,54,56,56,43,45,45,49,51,53,62,64,59,61,69,47,40,15544761,15035160,14416739,14011192,13531260,12872022,12350764,11435094,11035621,10275292,9936272,8798901,8230165,7400362,7192819,6950273,6637476,6391464,4764418,3153708,1692421,1474633,1383891,1298499,1166306,1064525,1015637,1029901,923148,786046,754602,717652,668387,644199,627403,670764,661312,602760,625124,481343,251356,195129,41134162,37200062,36509093,35144250,33791767,32220260,30655236,28579095,28169072,25106789,23858982,21110242,19847901,18033342,17134019,16637838,15919904,15498865,11462538,7113892,3589061,3330458,3107464,2859765,2686389,2445877,2283215,2269493,2091384,1771962,1628082,1545441,1433591,1359410,1297987,1379587,1361568,1241624,1303694,1000885,463080,330052,2455549,2040678,1876853,1782457,1864890,1646850,1682111,1316462,1675730,1132558,1439097,1280760,1116328,998618,848884,838236,813572,769699
13000,139,144,144,143,144,144,146,146,144,144,144,147,154,153,158,159,160,161,169,171,173,39,39,38,41,42,41,39,40,32,33,33,33,29,35,37,38,39,38,42,35,28,3,3,3,3,2,2,2,3,3,3,3,3,3,3,3,3,3,3,139,144,144,143,144,144,146,146,144,144,144,147,154,153,158,159,160,161,169,171,173,39,39,38,41,42,41,39,40,32,33,33,33,29,35,37,38,39,38,42,35,28,6985691,6727601,6555190,6239835,5980804,5848752,5700442,5325661,4953161,4782158,4583151,4151309,4243796,3431090,3527988,3341409,3270267,3200533,2402325,1499088,857892,953760,920047,1017226,1127326,1178937,1104142,951885,968781,899268,740008,689100,705927,370538,720508,538546,623243,556964,527502,394381,214726,126203,17783573,16716357,16242822,15531021,14847562,14623383,13981520,13246761,12156170,11453809,10714141,9923417,9880937,8312791,8215612,7724236,7671876,7306722,5329765,3065822,1703125,2116628,2030684,2085726,2357621,2429077,2288740,1872681,1911155,1695859,1373784,1223360,1342018,681635,1443269,1062998,1305939,1104947,1070919,803244,401737,206619,907089,893128,1080220,1024430,619860,594317,381585,539334,644260,509485,547998,506359,490738,564107,369137,363931,345501,339379
15000,19,20,22,23,22,21,22,21,20,22,20,19,19,19,18,19,19,18,19,19,20,9,8,8,7,8,9,8,10,10,8,10,11,10,10,11,10,10,11,9,7,7,0,0,0,0,0,0,0,0,0,0,0,0,0,0,0,0,0,0,19,20,22,23,22,21,22,21,20,22,20,19,19,19,18,19,19,18,19,19,20,9,8,8,7,8,9,8,10,10,8,10,11,10,10,11,10,10,11,9,7,7,1235113,1145621,1109469,1105753,986560,876805,827545,800097,729032,793980,704569,658740,602333,525401,494604,567983,585796,501829,405266,254154,140603,188898,188143,175975,165406,168027,160408,159900,159153,165290,156365,133722,142671,128036,126788,119879,68495,116970,127113,81418,50095,30377,2983639,2597589,2552735,2630470,2314896,2084471,1939857,1946650,1776528,1809481,1652502,1545469,1410407,1207125,1148304,1402475,1334628,1149146,805911,480541,250642,442782,429042,365342,373222,362140,349436,341234,340449,356234,326855,287996,304737,263786,259864,250705,137631,253300,258197,164737,94044,54116,0,0,0,0,0,0,0,0,0,0,0,0,0,0,0,0,0,0
16000,41,41,41,41,40,40,38,38,38,38,38,39,41,42,43,43,43,41,44,47,47,11,11,11,11,12,7,9,8,5,5,5,6,5,5,4,4,5,7,6,5,4,1,1,1,1,1,1,1,1,1,1,1,1,1,1,1,1,1,1,41,41,41,41,40,40,38,38,38,38,38,39,41,42,43,43,43,41,44,47,47,11,11,11,11,12,7,9,8,5,5,5,6,5,5,4,4,5,7,6,5,4,1388930,1288230,1172046,1168251,1129701,1011083,926114,860579,786741,753434,691655,624021,543520,530809,486289,419576,402268,297871,243100,166157,104600,95170,85938,84234,82449,89480,54524,52220,56063,38978,39269,37113,32724,27218,25621,24545,24057,26203,83319,25343,12714,6038,3369962,3015501,2647891,2846187,2661971,2436808,2268911,2042958,1860393,1775835,1615084,1430629,1256418,1220225,1093027,971970,932677,704682,551088,365633,210576,218340,199876,202649,185675,207367,105973,121105,122523,74051,71629,62826,59340,54199,47502,45993,45845,47808,181717,43770,21566,9396,180000,180000,108500,289916,249136,205454,210381,189400,169359,163185,149768,137277,105664,111759,81703,56194,60743,48766
17000,181,182,184,185,190,189,188,189,191,193,193,193,197,198,202,203,205,207,213,243,244,34,33,34,33,35,34,33,32,29,30,30,33,32,32,34,35,34,38,36,33,43,5,5,5,5,5,5,5,5,5,5,5,5,5,5,6,6,6,6,181,182,184,185,190,189,188,189,191,193,193,193,197,198,202,203,205,207,213,243,244,34,33,34,33,35,34,33,32,29,30,30,33,32,32,34,35,34,38,36,33,43,12377690,11903602,11810236,11515613,11270284,10668136,9960414,9658573,9322663,8787397,8560423,7954111,7726804,7254235,6996958,6815002,6525010,6457242,4944767,3811167,2673436,950322,943278,862645,1026360,823392,784629,984412,836558,595932,769191,849016,837165,775314,726954,652050,571240,636183,610723,536096,400178,349310,32175191,29915281,29800884,29155760,28210466,26816852,24250768,23559928,22112908,20741979,19829164,18582031,17367777,16291157,15686816,15141651,14518876,14515545,10580007,7691870,5066221,2008000,1973333,1811488,2100393,1777313,1679637,2029242,1737050,1283653,1450728,1664622,1589152,1453474,1347610,1206942,1073873,1135017,1088413,914670,652806,528318,1473792,1305465,1579634,1609178,1079201,1013298,1389612,1179184,998844,860967,1043497,969813,818411,818497,799994,742821,732828,694365
18000,116,116,116,113,115,113,105,106,104,107,107,105,104,106,109,110,112,114,113,117,116,49,45,43,43,44,39,42,42,30,27,24,24,26,26,28,28,28,29,26,20,23,2,2,2,2,2,2,2,2,2,2,2,2,2,2,2,2,3,3,116,116,116,113,115,113,105,106,104,107,107,105,104,106,109,110,112,114,113,117,116,49,45,43,43,44,39,42,42,30,27,24,24,26,26,28,28,28,29,26,20,23,6853571,6441932,6110858,6003790,6079883,5383659,5079082,4703803,4417045,4218027,4016665,3607566,3440729,3246413,3147141,3007300,2908707,2796047,2022320,1370822,883654,493440,533317,578221,498444,405871,464387,461047,334274,405623,219450,207777,253592,233616,230303,227087,231774,282004,240788,171284,158342,123236,18563377,16661739,15904113,15489884,15478625,13852010,12684600,11606349,10947448,10288362,9394681,8474672,7974984,7569452,7299412,6960040,6669156,6353212,4475092,2892547,1734859,1183636,1279124,1270231,1095209,928208,1035389,1111215,847806,901560,491774,409338,491685,448779,445694,448108,442129,507596,469953,305980,241883,185426,502067,583804,738907,580711,473956,333755,489841,368629,508204,430834,235643,211666,253114,223207,226454,234302,324192,142577
19000,119,119,119,119,119,119,119,118,117,118,118,118,117,117,118,117,117,118,126,131,131,7,7,7,6,6,6,6,7,7,7,7,7,8,8,8,9,10,9,8,8,10,2,2,2,2,2,2,2,2,2,2,2,2,2,2,2,2,3,3,119,119,119,119,119,119,119,118,117,118,118,118,117,117,118,117,117,118,126,131,131,7,7,7,6,6,6,6,7,7,7,7,7,8,8,8,9,10,9,8,8,10,3255253,3119905,2988884,2952772,2863566,2654968,2565312,2421744,2286715,2200761,2064507,1887975,1774344,1681160,1585273,1545814,1432726,1372626,1033107,702371,500523,39853,38485,52403,40634,34851,38195,34518,95804,90581,87285,87890,85508,87943,157521,79527,73885,120095,114237,108976,85981,69646,8189341,7631990,7389524,7236283,6909815,6430048,6179362,5722020,5375004,5048780,4730280,4460427,4111518,3833111,3613337,3533218,3277240,3116657,2268604,1458591,990864,74431,75729,97786,70782,66799,66545,57272,152732,145326,139079,142625,137919,135364,262231,123910,114197,173208,169317,155593,123693,96130,494005,472111,468271,426179,404813,347705,349200,275142,293728,268912,246683,258032,179411,163302,160828,218502,166802,174666
20000,128,131,129,133,129,131,130,130,131,131,130,131,130,132,131,130,132,134,142,148,151,29,27,28,25,31,30,31,30,26,22,21,21,22,21,20,21,21,24,20,15,15,2,2,2,2,2,2,2,2,2,2,2,2,2,2,2,3,3,3,128,131,129,133,129,131,130,130,131,131,130,131,130,132,131,130,132,134,142,148,151,29,27,28,25,31,30,31,30,26,22,21,21,22,21,20,21,21,24,20,15,15,2707608,2569473,2496388,2431157,2271659,2127545,2085143,1934080,1824119,1841171,1673342,1514958,1450647,1349509,1333182,1281154,1234521,1177063,847136,652698,435661,387799,396576,345239,342400,335082,318715,234448,202101,175721,150366,144619,155426,161214,220130,138460,154402,185490,198373,179082,133197,71290,6594210,6174771,6006132,5849316,5467061,4763590,4839670,4469522,4216459,4136620,3721938,3435634,3313702,3072244,2918641,2893409,2713073,2597950,1813822,1333434,867351,802268,764705,695064,664466,692472,634154,480469,435278,358747,272283,272024,280683,301433,392263,243086,273857,318678,345998,298796,217117,107909,449597,414887,415131,458040,388239,363494,276462,231323,224922,371369,169986,184134,265731,171450,173425,160167,165876,171677
21000,102,103,104,103,103,103,103,105,104,101,102,101,103,103,104,103,102,103,107,108,109,28,27,26,26,26,26,27,25,18,18,18,19,18,19,20,22,21,18,17,14,12,2,2,2,2,2,2,2,2,2,2,2,2,2,2,2,2,2,2,102,103,104,103,103,103,103,105,104,101,102,101,103,103,104,103,102,103,107,108,109,28,27,26,26,26,26,27,25,18,18,18,19,18,19,20,22,21,18,17,14,12,3917247,3904515,3787588,3723361,3608417,3431554,3226381,3039222,2824854,2809360,2626249,2444251,2207509,2103664,2042019,1912648,1786336,1746072,1246621,823443,523407,449325,445134,412911,331915,288745,277877,294062,240416,178394,203651,188422,184035,167667,154719,149785,149728,144296,125276,100561,58600,36889,10656074,10253476,10175934,9964237,9338622,8924012,8378510,7857302,7246902,6988383,6511305,6011778,5518750,5200607,4996437,4587550,4282313,4156792,2866192,1772287,1058190,1071659,1034448,953936,731448,650349,616657,617711,525322,360622,365690,382616,379313,345854,312643,308521,302657,290487,243335,193228,104774,58931,567532,421159,589273,518883,437403,343505,314474,285292,271359,306646,273985,249099,232350,232682,214113,167800,214849,211804
22000,109,114,112,117,122,117,109,113,125,122,118,119,119,121,123,127,128,129,139,146,144,111,112,113,111,122,96,114,113,64,56,59,43,41,38,41,39,42,46,40,28,17,2,2,2,2,2,2,2,2,3,3,3,3,3,3,3,3,3,3,109,114,112,117,122,117,109,113,125,122,118,119,119,121,123,127,128,129,139,146,144,111,112,113,111,122,96,114,113,64,56,59,43,41,38,41,39,42,46,40,28,17,3930243,3878723,3929982,3791191,3620805,3243490,3013636,3006630,3153379,3068116,2855258,2620621,2608866,2440904,2563694,2390270,2417359,2284328,1566223,1177201,684999,779306,796241,835575,859162,888714,717942,780862,790187,474662,440973,424995,415267,346431,278426,324243,275293,430027,358766,249663,201043,89502,10071273,9617804,9734051,9400065,9060188,8034696,7329658,7532837,7754935,7540786,6942116,6401238,6107086,5748339,5999439,5536546,5420953,5135038,3706576,2527614,1386787,1895404,1936024,2076357,2109396,2159997,1696551,1837964,1925212,1071760,908488,857719,816314,687913,560356,647819,563751,848947,712851,513804,364266,142704,437810,434424,601962,483330,413281,298899,344752,350440,589040,542926,415621,369429,330910,315186,300148,245213,229626,217133
23000,37,37,37,37,37,37,37,37,37,37,37,37,37,37,38,38,39,39,40,43,48,5,5,5,5,5,5,5,5,5,5,5,5,5,5,5,5,6,6,5,5,4,1,1,1,1,1,1,1,1,1,1,1,1,1,1,1,1,1,1,37,37,37,37,37,37,37,37,37,37,37,37,37,37,38,38,39,39,40,43,48,5,5,5,5,5,5,5,5,5,5,5,5,5,5,5,5,6,6,5,5,4,2016577,1952644,1792671,1708275,1602303,1481922,1371575,1253077,1148254,1033975,967838,893512,792155,737250,695749,644979,634652,621092,455463,298812,206684,75065,75860,91188,83654,87703,78222,88614,74028,70811,66318,59480,57931,59927,58665,48086,46786,52000,57906,74075,54674,23760,4676024,4410327,4452623,3921143,3700916,3434380,3220853,2906442,2672588,2380827,2220055,2001120,1774171,1639650,1573063,1481274,1395934,1330602,924148,605876,392368,141300,152533,155462,162719,155095,148097,169396,153259,135289,130396,111675,112115,112208,108365,90577,92101,101169,100816,123924,79357,34312,276164,271092,234993,218469,205546,188653,199623,179714,156037,118172,142110,130257,68429,69607,63910,60288,53563,55164
24000,47,47,48,49,49,49,49,49,49,49,48,48,48,47,51,51,51,52,54,57,58,20,22,22,22,24,24,24,24,24,24,28,28,29,31,30,32,31,30,29,29,29,1,1,1,1,1,1,1,1,1,1,2,3,3,3,3,3,3,3,47,47,48,49,49,49,49,49,49,49,48,48,48,47,51,51,51,52,54,57,58,20,22,22,22,23,24,24,24,24,24,28,28,29,31,30,32,31,30,29,29,29,5856607,5647004,5359354,5267513,4912733,4569589,4234380,4025048,3673288,3465428,3199117,2856933,2597731,2475143,2788606,2598269,2484043,2264556,1677675,1161421,763270,601856,646926,654580,600912,638284,580212,492489,513122,497560,483201,573661,576300,562008,678025,473080,461035,460100,441411,424803,290240,230621,14899010,13651969,13021425,12787043,12039310,11117360,10281755,9675400,9006227,8110854,7488621,6721900,6169118,5664298,6099212,5810668,5514498,4936657,3475476,2311678,1450011,1284958,1360034,1318700,1245472,1307428,1261742,970583,1092217,1083655,1010084,1126737,1138335,1091095,1315589,898596,906782,905677,863618,841208,488180,368884,820602,525987,495467,463798,421114,378330,357005,342338,344940,355873,451090,547702,485932,479627,605273,437249,372967,214389
25000,61,64,61,63,62,65,65,66,65,64,64,67,67,66,69,73,76,84,94,106,110,47,45,49,48,54,50,51,50,49,50,50,51,51,53,54,54,55,56,66,73,78,4,4,4,4,4,3,4,4,4,4,4,4,4,4,4,4,4,4,61,64,61,63,62,65,65,66,65,64,64,67,67,66,69,73,76,84,94,106,110,47,45,49,48,51,50,51,50,49,50,50,51,51,53,54,54,55,56,66,73,78,8547774,8434225,8172778,8215364,7535315,7266732,6812491,6240899,5952142,5291291,5004323,4690052,4423634,4040181,4029268,3859629,3676015,3788972,3042680,2129139,1378032,1703600,1710130,2199027,1858612,2023481,1624498,1679327,1414951,1332005,1346970,1183784,1063954,995493,984971,890873,820280,837412,846731,935105,688387,504364,21788643,21075649,20065881,20320253,18579161,17581140,16395071,15037256,14183905,12556203,11996808,11135640,10245343,9550944,9431322,8943202,8170895,8260169,6179283,4211450,2613337,3918751,3957911,5324628,4261355,4618755,3695215,3775565,2959277,2806186,3133256,2610243,2270373,2089470,2047397,1983347,1758919,1733767,1722257,1686560,1197383,826064,719486,765773,1348255,1328458,1050502,600204,1085702,834839,764724,767840,705072,578959,494223,369971,367199,466986,425223,484723
26000,130,133,135,138,137,137,135,138,136,137,140,141,142,142,145,150,158,162,176,196,208,42,41,41,40,42,39,41,41,29,29,24,24,24,27,29,28,31,31,32,32,35,5,5,5,5,5,5,5,5,5,5,5,5,5,5,5,5,5,5,130,133,135,138,137,137,135,138,136,137,140,141,142,142,145,150,158,162,176,196,208,42,41,41,40,42,39,41,41,29,29,24,24,24,27,29,28,31,31,32,32,35,10701806,10260002,10143749,10025174,9870419,9177066,8651253,7867701,7474536,7014453,6663164,6280307,5977300,5745038,5938627,5673293,5410976,5145002,3872325,2881150,1920434,733814,743496,674693,667033,640208,605488,583020,529362,409296,419032,415049,371088,362462,357743,359534,357961,401858,439787,402471,350267,284167,27134591,25005264,24681305,24170454,23403449,21591171,20583515,18827377,17594146,16362570,15419348,14411052,13584053,13072936,12987223,12436842,12071102,11362212,8288590,5794975,3629457,1741300,1772142,1671740,1584657,1543258,1429226,1365341,1258092,901012,939557,790206,752298,731074,715999,704684,720645,787070,830243,714838,619999,431500,1055612,922065,1075689,946224,832529,715035,656911,615996,577667,523283,500934,489200,464047,466062,398484,393666,392750,399555
27000,132,131,131,130,128,129,128,130,130,128,131,131,132,132,133,134,140,139,151,164,170,15,17,17,20,22,18,16,15,14,17,14,15,15,16,17,16,16,16,16,15,16,2,2,2,2,2,2,2,2,2,2,2,2,2,2,2,2,2,2,132,131,131,130,128,129,128,130,130,128,131,131,132,132,133,134,140,139,151,164,170,15,17,17,20,21,18,16,15,14,17,14,15,15,16,17,16,16,16,16,15,16,6417440,6006312,5619425,5283308,5239949,4876525,4635981,4421603,4043743,3830327,3530297,3197359,2835610,2627090,2339384,2415451,2128026,2139692,1645687,1139255,783778,471592,535636,536281,554107,546297,547774,582510,497952,464255,454641,400874,379437,384482,324446,326905,308942,287714,268953,260451,172850,111806,14707698,13980101,13319918,12462008,12009664,11302677,10660536,10017597,9090724,8454001,7782497,7012148,6286609,5782687,5260363,5274202,4768455,4643983,3405463,2251932,1472366,1017470,1189450,1094496,1136556,1099778,1072025,1113109,979537,889350,859705,757113,705059,731386,605257,572502,549575,513092,479772,433734,282854,167823,428251,435880,654961,445055,405392,341644,488738,460506,435942,414920,356079,350552,327385,298533,279719,281827,176189,272709
28000,97,96,95,95,96,99,96,95,96,95,96,98,99,100,104,101,101,102,116,119,120,20,20,20,21,22,21,21,20,17,13,13,9,9,11,8,10,11,11,12,9,7,2,2,2,2,2,2,2,2,2,2,2,2,2,2,2,2,2,2,97,96,95,95,96,99,96,95,96,95,96,98,99,100,104,101,101,102,116,119,120,20,20,20,21,22,21,21,20,17,13,13,9,9,11,8,10,11,11,12,9,7,3056174,2859417,2985813,3105264,2926985,2746255,2450649,2297981,2187701,2045177,1818691,1738148,1629489,1578117,1545046,1378632,1367826,1223496,855411,539811,348118,296531,229615,269223,260883,302994,328345,329149,244432,211680,176712,162041,154445,171377,133951,142150,119604,121803,125394,75829,80391,55374,7466287,6304878,6796581,7243005,6760490,6606226,5933919,5576412,5229501,4748237,4392767,4100069,3764344,3583745,3525815,3130809,3132328,2760862,1855690,1153302,713865,594065,482841,535755,576186,621405,653642,638476,523655,444738,332638,300509,284260,311427,244924,251331,218501,225557,235618,146437,140508,90630,499460,524304,983433,1009100,789007,771043,652078,612333,603524,510734,341827,383059,313558,286526,265600,279363,223496,210946
29000,116,115,118,120,120,120,118,117,116,119,117,118,119,119,124,125,126,128,140,147,153,39,40,38,38,36,33,33,32,33,28,28,27,28,29,29,29,30,32,29,30,22,4,4,4,4,4,4,4,4,4,4,4,4,4,4,4,4,4,4,116,115,118,120,120,120,118,117,116,119,117,118,119,119,124,125,126,128,140,147,153,39,40,38,38,36,33,33,32,33,28,28,27,28,29,29,29,30,32,29,30,22,6524631,6309425,6079598,6064291,5747895,5464527,5120410,4913259,4653045,4446789,3945295,3788856,3499136,3299399,3212291,3176687,3181541,3006876,2296489,1609315,1039356,1006678,1029226,927921,867454,813402,721923,960010,823535,855600,560690,545759,673643,558107,505063,639555,589839,567173,532009,317581,299404,161422,16428054,16685776,16065782,15927591,15285263,14170490,13213401,12429212,11376061,10704201,9494575,9026660,8447344,7933468,7490291,7327176,7223689,6916306,5000654,3309406,2029634,2325906,2402669,2140492,2008427,2037959,1694041,2056060,1724621,2037487,1363999,1189786,1525376,1128427,1084774,1204840,1092690,1048555,1074558,595770,512780,256674,1084798,1017186,879517,921153,752582,728805,634232,598548,581624,526997,420988,430084,374941,380794,329993,355808,331032,322755
30000,53,55,54,54,54,57,55,58,57,58,57,58,57,58,57,58,59,59,60,65,66,12,10,11,11,11,7,9,6,5,3,3,2,4,3,4,3,2,3,3,2,2,1,1,1,1,1,1,1,1,1,1,1,1,1,1,1,1,2,2,53,55,54,54,54,57,55,58,57,58,57,58,57,58,57,58,59,59,60,65,66,12,10,11,11,11,7,9,6,5,3,3,2,4,3,4,3,2,3,3,2,2,1295691,1192733,1137447,1092645,1004097,913555,884420,791430,735397,734378,658767,608902,572097,554936,487485,467065,437627,394493,275268,195041,118314,61951,52403,53208,56829,53776,36455,36936,27871,22746,19619,20756,15529,22157,6717,20375,6670,7024,7156,3662,3605,8161,3017462,2812814,2673218,2543969,2311673,2127087,2021131,1845549,1678359,1607100,1451578,1345978,1256448,1216682,1072483,1048737,962524,879134,596306,394763,227496,126700,107837,105187,122751,114173,73654,75558,56278,40059,33584,35852,26802,38495,11823,31442,11644,11881,12724,7983,5597,12624,217867,163047,154870,194689,150034,130698,119105,107850,96046,81787,69399,63334,58457,52263,33203,33054,49617,45365
31000,85,85,86,85,85,84,84,85,84,86,83,84,85,85,86,88,91,92,92,100,101,13,13,13,11,11,12,13,12,9,8,10,10,9,8,9,10,9,9,10,10,9,2,2,2,2,2,2,2,2,2,2,2,2,2,2,2,2,3,3,85,85,86,85,85,84,84,85,84,86,83,84,85,85,86,88,91,92,92,100,101,13,13,13,11,11,12,13,12,9,8,10,10,9,8,9,10,9,9,10,10,9,1863105,1840765,1926465,1836402,1772165,1681559,1616435,1510303,1427691,1377685,1287585,1171845,1025755,954609,876323,823624,764400,757096,546416,435331,278459,335584,318963,299760,299000,320440,283143,274615,213039,179785,176733,171166,141748,133795,124644,113014,113466,104768,100784,83430,44534,34292,4904829,4832318,4943773,4562080,4456738,4061568,3971312,3703162,3425127,3295475,3147079,2728188,2344393,2200979,2027004,2002648,1831086,1788712,1245517,899716,550671,753213,697256,647971,617280,636370,581495,564847,446730,349607,327454,348387,300591,269509,244617,220602,213282,201832,194493,162117,78769,53284,472043,474219,605960,501796,423914,363252,415047,361240,357207,345563,455808,240235,155244,157441,129927,119895,119869,125419
32000,34,35,35,36,35,33,31,31,32,26,27,26,26,27,26,23,23,23,24,25,23,23,23,21,20,21,19,21,21,13,12,10,9,9,8,9,9,7,7,7,6,3,2,2,2,2,2,2,2,2,2,2,2,2,2,2,1,1,1,1,34,35,35,36,35,33,31,31,32,26,27,26,26,27,26,23,23,23,24,25,23,23,23,21,20,21,19,21,21,13,12,10,9,9,8,9,9,7,7,7,6,3,1869834,1847652,1799816,1876872,1694053,1562449,1349009,1292518,1190880,1112200,1105393,907147,810306,783892,649158,595908,559023,526590,349628,241445,131124,222190,249022,240926,221415,231328,195721,179175,179520,93727,75865,55873,58567,49454,41213,45701,40982,38632,37970,31932,17206,7037,4829642,4653498,4502623,4649742,4282634,3948194,3237026,3389482,3055868,2817335,2447935,2292763,1996827,1868169,1572000,1430300,1352838,1262811,833674,560484,320862,486775,563706,526218,494886,514545,468186,431838,448666,216675,158775,117305,116882,95001,77535,92439,83856,83080,81546,69401,35281,13732,605478,348585,342313,459642,259643,348355,214003,193276,175409,153604,131676,130695,116548,137559,64435,46615,51604,52850
33000,26,26,26,26,26,26,26,26,26,26,26,27,27,27,27,27,27,27,27,29,29,6,6,6,6,6,6,6,6,6,6,6,5,5,6,7,8,9,10,13,9,5,1,1,1,1,1,1,1,1,1,1,1,1,1,1,1,1,1,1,26,26,26,26,26,26,26,26,26,26,26,27,27,27,27,27,27,27,27,29,29,6,6,6,6,6,6,6,6,6,6,6,5,5,6,7,8,9,10,13,9,5,1702088,1668864,1633067,1567826,1450541,1337216,1229482,1090353,913683,862462,790137,750532,653636,569268,526073,504287,487133,489503,386738,229065,127024,233003,195969,178411,188937,176672,164274,128762,117205,108571,103164,94448,67548,63802,63970,69357,72572,69122,75072,79161,35655,19147,3947794,3867206,3706315,3466163,3261739,3005439,2789504,2495159,2137447,1947654,1786344,1686480,1534097,1350997,1261858,1198209,1160675,1120786,817705,470240,253808,506546,427372,370877,410623,358937,336107,260553,205529,189109,179720,168982,130397,121877,119407,128590,126203,135931,148658,153193,61411,29218,301662,225757,174229,219025,168788,153272,88336,41854,34387,32278,28028,109197,108065,99694,47460,46804,46352,45328
34000,65,63,64,64,64,67,72,73,74,73,73,71,74,74,77,79,83,87,91,96,103,33,32,32,34,36,33,33,32,24,23,24,24,25,26,24,24,26,27,29,33,34,1,1,1,1,1,1,1,1,1,1,1,1,1,1,1,1,1,2,65,63,64,64,64,67,72,73,74,73,73,71,74,74,77,79,83,87,91,96,103,33,32,32,34,36,33,33,32,24,23,24,24,25,26,24,24,26,27,29,33,34,8169086,7692173,7795914,7419227,7299859,6939706,6793713,6615647,6244322,6077315,5451434,5137273,5041901,4522269,4764374,4796619,4516202,4640016,3216407,1954805,1205236,755445,1022175,903674,1161595,1135701,995696,1023409,751968,723178,657768,720324,679222,747383,615013,422676,408254,451453,513016,568296,410551,230258,19485880,17697862,17932335,17110732,16558997,15560258,15395950,14715230,14030125,13522573,12389339,11343433,10908338,9735068,10307702,10129643,9559830,9608878,6473138,3930891,2325380,1560024,2107612,1806426,2331090,2372292,2046088,2046672,1499783,1396573,1238620,1352782,1211103,1359719,1156628,773463,738486,791402,904096,925052,667828,362072,371319,648732,565981,618275,535994,507688,533090,315276,448692,291628,321552,251183,238071,236380,252185,482518,261673,291929
35000,42,43,41,43,43,41,43,44,44,44,41,40,40,45,45,45,45,45,47,50,49,12,11,15,13,13,11,12,12,10,11,12,13,14,13,15,15,17,20,19,13,9,1,1,1,1,1,1,1,1,1,1,1,1,1,1,1,1,1,1,42,43,41,43,43,41,43,44,44,44,41,40,40,45,45,45,45,45,47,50,49,12,11,15,13,13,11,12,12,10,11,12,13,14,13,15,15,17,20,19,13,9,1998682,1976546,1762816,1807022,1649913,1515241,1472321,1453757,1272831,1220815,1111934,913395,857762,858827,847554,817638,770708,708603,471248,340598,194499,149672,136983,191795,126297,129711,113886,92553,108819,70449,98960,97490,86682,92449,74366,86215,84569,111832,112015,90244,60713,26475,4795837,4661283,4092007,4044869,3693007,3485082,3190718,3352225,2814927,2613359,2518371,2173663,2017050,2142761,1946434,1917840,1773481,1684192,1077158,698596,373089,328174,294271,402114,301480,275907,239972,170032,209485,150891,170405,192208,177752,170574,144973,166613,163806,203483,196503,169473,101985,41019,411834,411661,233302,367940,350571,318121,262316,246060,227801,165248,193625,124547,169490,109877,147263,141834,133837,146570
36000,177,181,183,186,189,197,197,195,198,198,204,206,211,212,218,219,221,224,234,257,274,51,54,55,56,59,56,57,60,59,60,57,56,58,59,59,61,62,63,71,71,77,10,10,10,10,10,10,10,10,10,10,10,10,10,10,11,12,12,12,177,181,183,186,189,197,197,195,198,198,204,206,211,212,218,219,221,224,234,257,274,51,54,55,56,59,56,57,60,59,60,57,56,58,59,59,61,62,63,71,71,77,26460269,25684399,24311323,23450288,22603783,21255930,20412313,19165781,18095223,17308072,16421526,15465385,15110209,14422065,14129375,13843935,13755812,13511085,10131037,6392036,4184862,2988622,2955501,3119906,2904081,2824325,2688844,2493044,2378394,2155701,2221845,1929267,1547610,1666728,1708902,1524124,1601738,1607862,1726888,1803213,1327399,981463,60416091,57039440,54505337,52435092,51063861,48170315,46346810,43300223,40959924,38448453,35503960,33515284,31789432,30199987,28909244,28378244,27896592,27064330,19237618,12213473,7643701,6561929,6375173,6566132,6417717,5994048,5747539,5258195,5121126,4680623,4749505,4065817,3718054,3224538,3583096,3028624,3174851,3009887,3209171,2937462,2160217,1520402,2772316,2551019,2644090,2553971,2033694,1905673,1934973,1823548,1815355,1599358,1486617,1527038,1434970,1502294,1361943,1429566,1279063,1206786
37000,115,115,117,115,117,116,117,118,118,118,117,116,117,119,120,121,122,122,126,132,137,28,29,29,26,24,26,27,29,24,24,26,25,25,25,28,30,33,33,33,34,26,4,4,4,4,4,4,4,4,4,4,4,4,4,4,4,4,4,4,115,115,117,115,117,116,117,118,118,118,117,116,117,119,120,121,122,122,126,132,137,28,29,29,26,24,26,27,29,24,24,26,25,25,25,28,30,33,33,33,34,26,9420312,8761948,8326296,8070930,8012346,7296497,6908545,6469247,6261068,5836596,5335127,4887498,4523047,4179926,3922728,3735429,3419172,3254559,2329144,1184889,792041,596309,738008,758229,595367,412313,474834,553272,540257,401067,377807,452435,443356,429736,393350,416742,407285,398953,415011,291069,232937,144757,23978114,21314618,19974739,19722786,19081927,17296888,16426700,15402428,14284106,13210511,12183532,11175499,10546372,9637618,8884284,8414543,7716277,7214949,4853371,2449458,1534307,1268143,1507327,1484890,1183012,813900,894053,1023707,1022877,781419,689313,859468,830120,807866,773377,754933,772220,796022,789434,528844,400705,226986,1000144,924683,1098740,1016720,1119120,643819,840953,642195,865798,465448,543498,459929,479139,507709,445451,368255,358815,340376
38000,45,41,42,42,41,43,44,43,43,43,44,44,45,44,47,45,48,48,54,56,57,5,9,8,8,10,7,6,7,5,4,4,5,4,5,3,5,3,4,4,4,6,1,1,1,1,1,1,1,1,1,1,1,1,1,1,1,1,1,1,45,41,42,42,41,43,44,43,43,43,44,44,45,44,47,45,48,48,54,56,57,5,9,8,8,10,7,6,7,5,4,4,5,4,5,3,5,3,4,4,4,6,1178415,1083796,1028281,1089569,903806,864585,834389,767151,721743,699248,687083,623024,570422,544177,530352,489362,458996,448574,279749,220854,126971,53316,66803,59709,58374,49876,35381,36322,46463,40426,33903,31236,30030,22895,27037,31804,37351,18838,20986,24045,21805,21906,2948965,2462587,2375280,2349827,2028695,1940319,1800908,1661524,1514829,1476934,1449572,1342414,1208591,1146810,1136863,1055659,1004089,960260,610661,461492,250331,109167,139234,126423,120034,110970,76006,79556,98821,75926,61928,56433,53484,39709,55099,58200,75714,31512,34987,42002,35767,31711,258088,183746,173890,192256,138032,131133,106000,96361,60869,79244,69784,66481,52326,48056,46417,46348,43438,42433
39000,165,166,164,164,161,162,158,156,156,155,158,159,156,161,166,164,171,173,185,195,200,54,50,52,50,53,47,53,53,29,29,31,28,29,28,28,28,35,38,42,40,43,4,4,4,4,4,4,4,4,4,4,4,4,4,4,4,4,4,4,165,166,164,164,161,162,158,156,156,155,158,159,156,161,166,164,171,173,185,195,200,54,50,52,50,53,47,53,53,29,29,31,28,29,28,28,28,35,38,42,40,43,13194496,12549863,12165522,12001026,11522935,10733708,10309271,9691745,9071029,8450581,8094733,7679610,6452410,6345336,6200635,6093684,6038349,5681848,4567270,3346614,2128845,2246198,2122480,2062418,1801419,1504982,1356139,1268744,1154944,867207,838314,765897,684366,628269,585402,544091,528812,577077,578377,562423,369157,284522,33252527,30321943,30035360,29232138,27612541,25764769,24584023,23041473,21359503,19827044,18527216,17463643,15093673,14756404,14146881,13823296,13753686,13042381,9761048,6868110,4033879,5008567,4531673,4605133,3864358,3647371,3210134,3085192,2792927,2063711,1892558,1785978,1552194,1400483,1268443,1199158,1158547,1227278,1216107,1043629,636076,455092,1749106,1517494,1481414,1431582,1438639,1261124,1081881,887391,771854,778803,769809,626526,563482,607229,558858,531284,459519,440071
40000,121,122,117,118,117,117,112,112,110,108,103,105,106,110,114,118,116,119,123,131,133,34,36,40,40,41,39,45,47,38,37,33,32,31,28,28,26,28,21,18,14,13,2,2,2,2,2,2,2,2,2,2,2,2,2,2,2,2,2,2,121,122,117,118,117,117,112,112,110,108,103,105,106,110,114,118,116,119,123,131,133,34,36,40,40,41,39,45,47,38,37,33,32,31,28,28,26,28,21,18,14,13,3204623,3094102,2823519,2730549,2744010,2484074,2371013,2289087,2052169,1979845,1798236,1661141,1638888,1524337,1522613,1458736,1369308,1378391,1010594,780419,450608,378839,332253,334320,268191,313938,282507,331609,292743,210053,223423,202871,177845,162796,156063,155693,144196,141572,120673,96938,83801,73397,8487080,7830307,7295726,7011795,7024404,6306518,5834171,5692592,5264931,4793233,4359320,4084209,3999197,3721824,3602066,3581753,3390872,3186695,2304716,1655403,933903,904398,803378,839373,667332,764454,737179,842706,783219,500037,458004,419412,360776,346700,307573,290156,277061,275177,232272,180349,138613,122220,546452,515336,499602,552716,503595,391195,339113,244501,276609,252073,271558,247034,224281,204460,171376,199097,162479,148273
41000,59,60,60,60,60,59,59,60,59,59,60,60,59,59,61,62,64,65,72,76,75,5,5,5,4,4,4,4,4,4,4,5,5,5,6,5,6,6,7,7,7,9,2,2,2,2,2,2,2,2,2,2,2,2,2,2,2,2,2,2,59,60,60,60,60,59,59,60,59,59,60,60,59,59,61,62,64,65,72,76,75,5,5,5,4,4,4,4,4,4,4,5,5,5,6,5,6,6,7,7,7,9,3716081,3690321,3619943,3307053,3302426,2861424,2774402,2583209,2302602,2143039,2031306,1791200,1646562,1502290,1483087,1375118,1280819,1243724,961805,624788,398058,103956,103536,115604,93030,79203,89573,103171,97814,77575,65704,69428,65481,64388,65068,51786,51175,59187,73542,59813,42852,43543,9586829,9341954,9194169,8245099,8062297,7019666,6701702,6145932,5564752,5119025,4775547,4188440,3845048,3459293,3387376,3119654,2866044,2795333,2065368,1292337,790178,191101,198173,207118,193132,153857,151945,151767,142304,157584,120154,129584,123958,122342,121045,90864,92981,105662,128837,107920,67835,65902,506617,638261,894913,472406,397971,343142,539318,494797,402743,350787,358411,282214,286061,209225,310008,267864,178129,217587
42000,157,160,161,160,169,166,166,170,178,177,180,184,186,189,191,195,200,203,221,227,236,83,83,83,82,85,81,83,83,69,72,73,73,73,74,76,78,77,80,83,79,85,8,8,8,8,8,8,8,8,8,8,8,8,8,8,8,8,8,9,157,160,161,160,169,166,166,170,178,177,180,184,186,189,191,195,200,203,221,227,236,83,83,83,82,84,81,83,83,69,72,73,73,73,74,76,78,77,80,83,79,85,12962516,12431073,12180634,12074617,11964186,10959879,10353241,9746078,9028412,8569460,8114253,7751429,7327985,7162713,7286387,7015031,6978379,7200744,5627706,3764022,2293382,2391549,2375950,2510332,2042503,2015952,1917047,1900145,1692477,1604713,1645094,1518819,1429383,1338045,1207539,1107902,1198591,1275827,1200250,1008100,771447,607937,35236772,32843939,31790319,30950256,30270550,27707818,26239608,24537568,22720607,21288285,19748019,18801015,17575565,17044470,16980169,16243029,15861890,16513464,11927385,7807106,4473405,5495003,5469879,5756761,4698067,4447800,4169686,4060394,3506808,3348110,3319830,3146100,2915361,2651406,2391853,2233549,2481420,2489092,2370489,1906754,1382442,1013163,2076228,1713502,2264233,1873841,1836044,1785478,1310766,1085052,1185870,1197425,1252000,1113526,825208,823124,813566,752632,695742,715293
44000,11,11,11,11,11,11,11,11,11,11,11,11,11,11,11,11,11,11,13,15,15,5,5,5,5,5,5,5,5,5,5,5,5,5,5,5,5,5,6,6,6,6,1,1,1,1,1,1,1,1,1,1,1,1,1,1,1,1,1,1,11,11,11,11,11,11,11,11,11,11,11,11,11,11,11,11,11,11,13,15,15,5,5,5,5,5,5,5,5,5,5,5,5,5,5,5,5,5,6,6,6,6,1225753,1219947,1172484,1137640,1096689,1060858,987984,895672,860614,791239,745200,668797,637055,604446,602369,581186,556956,545820,440444,318724,200303,296741,322784,318709,294965,272428,234955,228334,214674,210373,224534,218897,204288,192515,154626,174046,156643,156162,126008,110060,72348,55716,2870770,2820747,2687170,2619498,2460899,2339473,2248242,2071428,1951349,1814717,1683839,1504393,1402261,1280272,1182894,1200150,1093960,1095670,832144,587445,352940,668795,666883,636647,601980,575069,477598,455071,430773,417495,431476,410880,375264,353303,282876,319324,303726,296539,243318,208552,138290,94414,244681,211649,197328,177654,156508,154609,147204,104282,109568,93610,91565,88481,75749,73014,72138,68887,69491,68402
45000,62,64,62,64,62,63,63,62,63,63,64,64,66,67,68,67,68,68,73,77,79,25,24,25,25,26,26,27,27,23,18,18,18,18,17,17,19,19,19,19,17,15,2,2,2,2,2,2,2,2,2,2,2,2,2,2,2,2,2,2,62,64,62,64,62,63,63,62,63,63,64,64,66,67,68,67,68,68,73,77,79,25,24,25,25,26,26,27,27,23,18,18,18,18,17,17,19,19,19,19,17,15,3809498,3738277,3580027,3511665,3387689,3056758,2948470,2938562,2772603,2717560,2442732,2185212,2080792,2015879,1860045,1795437,1647218,1540475,1109946,676208,413880,227147,204210,209562,200822,224861,163085,174762,200030,158047,163224,157195,152182,129717,112448,123044,137455,120090,122644,128705,92599,61005,10391619,10255941,9730807,9628536,9164604,8207035,7886942,7717250,7148203,6632039,6142115,5508355,5288261,4978073,4578480,4346339,3870925,3771617,2468885,1405123,808062,486182,420751,454737,441066,479809,374480,364992,417341,298202,320038,311497,276151,239435,216044,232127,279932,231369,243794,223017,151904,92314,645046,426559,393622,415611,351016,300934,296772,307787,313334,316345,287933,263172,224161,218185,156954,202352,181964,176331
46000,56,57,57,60,56,56,57,56,57,57,56,54,53,55,55,55,57,56,62,66,66,9,7,7,5,9,8,9,10,2,2,3,5,4,3,4,4,4,6,4,3,3,2,2,2,2,2,2,2,2,2,2,2,2,2,2,2,2,2,3,56,57,57,60,56,56,57,56,57,57,56,54,53,55,55,55,57,56,62,66,66,9,7,7,5,9,8,9,10,2,2,3,5,4,3,4,4,4,6,4,3,3,1471217,1356145,1203618,1072216,1036750,964208,886890,836736,788049,737290,648859,613668,572820,540245,503301,487799,500216,436532,299542,186975,126624,81129,45158,41876,27137,42842,37314,45965,40866,12075,10918,21976,17636,10932,8408,10678,10344,25032,12861,7693,17819,9826,3102531,3087664,2732551,2475424,2361011,2102252,1919763,1837559,1737018,1582723,1395459,1342890,1264047,1170326,1133657,1051113,1055694,934948,603669,380419,233269,224112,112041,107428,66744,116433,93979,123701,114224,20690,18325,59614,35134,18992,14269,18737,17968,43818,26351,15968,30155,16382,543628,471679,354849,249334,375365,251118,183976,239125,205739,169474,161523,173588,152485,135298,118338,121422,151926,121855
47000,117,119,118,119,118,120,119,119,121,120,118,117,116,115,116,121,123,125,138,148,150,31,31,34,36,39,38,39,40,26,27,26,25,24,26,27,25,24,26,24,25,25,3,3,3,3,3,3,3,3,3,3,3,3,3,4,4,4,4,4,117,119,118,119,118,120,119,119,121,120,118,117,116,115,116,121,123,125,138,148,150,31,31,34,36,39,38,39,40,26,27,26,25,24,26,27,25,24,26,24,25,25,5762624,5352356,5340173,5232936,4993863,6134750,5180574,4414087,4054100,3882464,3556649,3445359,3213533,3022498,2809495,2774069,2651741,2613101,1975709,1278505,784910,418535,401197,446037,455007,472422,496157,446332,406651,412440,401384,262989,345821,317734,310569,363513,293303,315480,253704,221281,168873,106965,15309005,13371117,13530983,13498993,12645037,15123695,13067724,11239338,10212030,9523428,8893814,8394869,7690981,7404616,6592540,6691265,6363365,6115238,4624818,2805601,1583363,908515,841890,977063,970047,996674,1057146,960706,881780,897087,841711,516442,707638,647624,611320,704592,537747,584709,475763,426656,312082,178676,1225674,1125889,1436226,1406407,1261131,1143007,1028731,987758,898593,795046,752335,663660,504011,518907,519036,388116,384448,412024
48000,392,404,397,406,383,393,373,378,377,374,373,374,375,382,381,382,386,395,426,485,507,210,188,195,179,197,182,204,185,159,133,141,140,141,140,141,134,138,142,141,84,61,6,6,6,6,6,6,6,6,6,6,6,6,6,6,7,7,7,9,392,404,397,406,383,393,373,378,377,374,373,374,375,382,381,382,386,395,426,485,507,210,188,195,179,197,182,204,185,159,133,141,140,141,140,141,134,138,142,141,84,61,18588276,18268631,18046591,17630436,16113150,15019630,13959148,13515477,12579277,12255809,11470770,10356458,9426455,8974131,8589392,8032961,7630815,7264745,5263635,3716102,2165451,4904240,4349683,4269049,4045565,3950614,3374954,3337889,3027103,2653976,2363039,2225144,1955618,1743346,1530643,1535539,1388610,1247025,1385473,1143182,647148,312104,50144646,46042728,44666197,44023601,40172701,38458957,36029246,34175028,32115593,30337411,28786147,25870832,23427231,22017687,20804816,19733019,18689572,17694316,12302571,7870635,4427030,11311720,9841160,9894893,9218442,9177437,7684815,7666477,6881563,5994732,5077948,4380911,4174838,3776420,3328983,3216508,2928058,2678027,2971601,2314833,1132649,503612,4520752,4458496,4861783,4869233,4216507,3928271,3415693,3143518,2858358,2611872,2530216,2220685,1766261,1690823,1595401,1519112,1159048,1092416
49000,45,45,43,41,40,39,40,40,40,40,40,40,40,40,41,40,40,41,41,40,39,9,8,10,12,14,14,13,13,9,9,9,8,8,8,11,11,11,10,12,7,5,1,1,1,1,1,1,1,1,1,1,1,1,1,1,1,1,1,1,45,45,43,41,40,39,40,40,40,40,40,40,40,40,41,40,40,41,41,40,39,9,8,10,12,14,14,13,13,9,9,9,8,8,8,11,11,11,10,12,7,5,1700285,1706176,1680422,1606793,1553789,1431827,1278584,1211064,1161397,1047825,968516,888594,798676,783824,751242,699079,659565,634106,450161,291376,183484,261998,238756,251478,250558,263195,239459,222951,215481,173896,183472,155034,151140,135475,121675,125523,113570,105991,100367,85391,42613,24108,4849273,4624427,4461195,4202839,3979802,3638276,3284508,3111379,2965669,2616613,2423766,2176709,1953653,1871137,1809055,1659538,1571151,1537944,1083515,677504,367708,686632,613733,604518,563431,579430,534563,482473,477603,388384,363095,338723,305930,267664,244113,250899,234919,222243,212064,178011,83826,41238,218004,390807,359331,321784,295534,259167,144637,181551,181551,176763,147250,140921,72644,122678,121663,122637,125365,120067
50000,15,15,15,15,15,15,15,15,15,15,15,15,15,15,15,15,15,15,16,17,17,1,1,2,2,2,2,2,2,2,2,2,2,2,2,2,2,2,2,2,2,2,1,1,1,1,1,1,1,1,1,1,1,1,1,1,1,1,1,1,15,15,15,15,15,15,15,15,15,15,15,15,15,15,15,15,15,15,16,17,17,1,1,2,2,2,2,2,2,2,2,2,2,2,2,2,2,2,2,2,2,2,937151,915848,828462,837406,786075,738767,677633,623093,578017,559869,402873,371685,337894,306701,274722,284906,281912,309485,197511,124608,74493,35656,29026,21729,29187,27906,30888,29221,26309,24496,21577,22448,24239,21194,19122,19144,22583,24283,10370,16353,18816,11098,2097814,1937415,1876525,1809850,1689011,1557224,1434551,1311091,1197335,1104620,890237,842008,762055,706932,610451,611183,599152,627031,397353,240297,146098,55010,45879,40960,50970,48986,53984,50630,46928,45721,39899,42712,44747,37913,40919,36421,39528,41459,20514,34649,29595,15825,166523,160688,161626,149444,130439,105238,102029,93679,94284,92581,77479,70805,66019,59986,37645,60498,56380,57345
51000,86,86,86,85,85,85,87,86,86,85,86,87,89,90,93,94,96,96,99,99,104,36,35,34,34,37,34,34,35,33,32,32,32,32,33,34,34,33,35,43,39,33,3,3,3,3,3,3,3,3,3,3,3,3,3,3,3,3,3,3,86,86,86,85,85,85,87,86,86,85,86,87,89,90,93,94,96,96,99,99,104,36,35,34,34,37,34,34,35,33,32,32,32,32,33,34,34,33,35,43,39,33,6849579,6710012,6464464,6395165,5999063,5425909,5031162,4745410,4461340,4199988,3939092,3593282,3166990,2980933,2937182,2789772,2713125,2619342,2017825,1319659,823517,715613,659414,643780,620480,614606,554705,503603,588750,532255,480465,443616,437572,406217,376748,396957,363092,369286,392849,344048,239930,115351,17704772,16882670,16357195,15937510,14881492,13587497,12514573,12111325,11002836,10136420,9494798,8720586,7675042,7124556,6895592,6637344,6257377,5963269,4376457,2731217,1651363,1414598,1280242,1233824,1197954,1230394,1084581,953373,1124714,1015058,878209,812552,796172,728961,685909,705858,656496,670598,722676,640097,418084,185364,915537,982667,1386826,1324680,948404,868019,867620,769482,761454,720810,421095,533284,372928,316680,453761,348749,336046,331709
53000,89,88,90,91,91,91,90,88,85,85,86,85,85,88,88,90,93,91,97,108,112,18,19,16,15,14,15,16,17,18,17,16,15,15,14,14,13,11,14,14,12,15,3,3,3,3,3,3,3,3,3,3,3,3,3,3,3,3,3,3,89,88,90,91,91,91,90,88,85,85,86,85,85,88,88,90,93,91,97,108,112,18,19,16,15,14,15,16,17,18,17,16,15,15,14,14,13,11,14,14,12,15,6888077,6422582,6543084,6181992,5681607,5229627,4638484,4172658,3788897,3645198,3505573,3015917,2861781,2892802,2460711,2508389,2452507,2305581,1596954,1027253,596403,659335,661308,589685,570578,445022,453862,409403,600411,542013,514660,457260,403299,242733,219913,221391,207441,191421,182935,146110,109243,70435,16661544,15087979,15165713,14241000,12888312,11812765,10819418,9800295,8866748,8209380,7685866,6822325,6582279,6406558,5522544,5526160,5246780,4885466,3280711,2123379,1133054,1720021,1648656,1471768,1411125,1017371,945536,889128,1348260,1166595,1073923,1052214,895166,503745,460102,469906,438622,380653,364530,284210,188990,115504,531630,451604,769578,796340,654215,612382,486258,554097,452803,473198,448452,321439,289210,392996,294120,312698,352625,216601
54000,54,54,55,55,55,58,57,57,57,56,55,56,55,57,55,58,59,57,60,69,70,11,11,11,11,12,11,13,13,11,11,12,11,12,11,14,10,10,12,11,5,14,4,4,4,4,4,4,4,4,4,4,4,4,4,4,4,4,4,4,54,54,55,55,55,58,57,57,57,56,55,56,55,57,55,58,59,57,60,69,70,11,11,11,11,12,11,13,13,11,11,12,11,12,11,14,10,10,12,11,5,14,2314414,2204791,2214688,2117766,2091050,1914346,1779750,1711994,1620659,1539213,1413845,1379619,1190060,1188858,1076681,1080806,1049733,941364,717689,548288,358886,89519,84773,87135,82911,86453,80715,82711,82817,73889,69386,95062,64144,115879,51203,113687,46883,46729,96979,48832,23921,33240,6088960,5617260,5498750,5407185,5210328,4809491,4518284,4281688,4023105,3747787,3436754,3330698,2865664,2834357,2585363,2551124,2448378,2249186,1622378,1154526,718785,210548,195441,194244,183195,192395,174677,183106,182454,149798,143383,198152,122227,219571,109452,209729,107477,108684,190182,102041,37102,49285,1000732,957589,864699,884952,965476,796389,694958,589846,535911,479066,445697,478810,316983,286539,239715,239322,234866,206874
55000,130,129,127,125,129,127,129,130,123,122,120,121,121,123,123,124,124,127,129,140,145,21,21,20,24,19,20,21,19,20,22,17,18,23,21,21,21,20,22,25,30,26,3,3,3,3,3,3,3,3,3,3,3,3,3,3,3,3,3,3,130,129,127,125,129,127,129,130,123,122,120,121,121,123,123,124,124,127,129,140,145,21,21,20,24,19,20,21,19,20,22,17,18,23,21,21,21,20,22,25,30,26,5986612,5505875,5328021,5255118,5102079,4823754,4572458,4120698,3694411,3500568,3245070,2996779,2829582,2675506,2531224,2403841,2216186,2138766,1624034,1217134,862829,483231,424861,539937,531484,337720,328511,307640,386015,328522,328212,317928,273976,292543,309298,302425,288185,273803,236748,247137,171454,111078,16179847,15116243,14500519,13701086,13285040,12299976,11667611,10544674,9427969,8898987,8031023,7287815,6794056,6317827,5990450,5678564,5153778,4994869,3451805,2497732,1624462,1282084,1204821,1334600,1332334,857682,843697,784449,865764,785050,776790,708818,632668,663107,679287,615284,598599,549722,462513,450142,302716,173432,1248599,665139,1013164,975321,704992,698945,619152,546173,350598,428901,437447,383512,339226,379112,366034,332348,266162,241766
56000,27,27,26,26,26,27,27,27,26,25,26,25,25,24,27,27,27,27,29,29,29,5,5,6,5,5,3,3,3,3,4,3,3,3,4,3,3,3,3,4,3,2,2,2,2,2,2,2,2,2,2,2,2,2,2,2,2,2,2,2,27,27,26,26,26,27,27,27,26,25,26,25,25,24,27,27,27,27,29,29,29,5,5,6,5,5,3,3,3,3,4,3,3,3,4,3,3,3,3,4,3,2,539502,507403,531477,522773,471249,429333,379494,352580,322253,304151,278452,260971,251390,210050,208224,205128,191225,181579,132403,97882,56825,112897,101396,77503,73471,63728,60873,49250,51208,44267,47085,38821,31880,30723,35031,28882,29510,32403,24023,24757,19215,14055,1265315,1108600,1172167,1157001,1085774,976413,886103,817827,755489,685122,651628,594165,574710,474705,467080,458206,439707,397246,298302,206864,110822,244221,232061,177726,157459,138221,112536,91244,87592,73352,81587,67905,61538,56957,60919,52071,52195,48114,41713,42362,29794,20833,191378,178462,249532,249587,205597,195437,113213,107284,102353,90564,78491,72872,93197,60924,56580,68166,51142,49259
